user_id,last_watch_date,days_inactive
user_00192,2025-12-02,192
user_00074,2025-11-22,202
user_07716,2025-10-16,239
user_07665,2025-08-06,310
user_03470,2025-10-29,226
user_01653,2025-10-01,254
user_06784,2025-07-30,317
user_06347,2025-10-02,253
user_08997,2025-11-10,214
user_00206,2025-11-12,212
user_04285,2025-11-19,205
user_03273,2025-08-30,286
user_06801,2025-10-04,251
user_02153,2025-09-21,264
user_05627,2025-12-27,167
user_00147,2025-11-20,204
user_05979,2025-12-20,174
user_09560,2025-07-28,319
user_07089,2025-08-07,309
user_02013,2025-06-29,348
user_09851,2025-11-21,203
user_04993,2025-09-06,279
user_03636,2025-07-21,326
user_06436,2025-09-15,270
user_00583,2025-11-19,205
user_08906,2025-12-09,185
user_09343,2025-05-20,388
user_03925,2025-08-07,309
user_05556,2025-12-23,171
user_05973,2025-09-11,274
user_04858,2025-12-07,187
user_02408,2025-12-09,185
user_00554,2025-11-24,200
user_00788,2025-10-22,233
user_06292,2025-10-10,245
user_02932,2025-12-09,185
user_05827,2025-08-12,304
user_07714,2025-07-13,334
user_04467,2025-11-20,204
user_09769,2025-05-23,385
user_08531,2025-10-17,238
user_05918,2025-10-03,252
user_01813,2025-12-22,172
user_02402,2025-07-20,327
user_02537,2025-11-06,218
user_07786,2025-06-30,347
user_00321,2025-07-15,332
user_01640,2025-12-06,188
user_04088,2025-08-15,301
user_08481,2025-12-13,181
user_06240,2025-11-29,195
user_03215,2025-11-26,198
user_01868,2025-10-02,253
user_08683,2025-01-05,523
user_01068,2025-12-20,174
user_00224,2025-12-04,190
user_04178,2025-12-04,190
user_04621,2025-11-06,218
user_05950,2025-12-04,190
user_07873,2025-12-03,191
user_00380,2025-01-26,502
user_07278,2024-08-29,652
user_09640,2025-08-18,298
user_01931,2025-11-08,216
user_02273,2025-11-03,221
user_06880,2025-12-02,192
user_08950,2025-12-18,176
user_05563,2025-12-07,187
user_05239,2025-12-15,179
user_03415,2025-11-25,199
user_09420,2025-09-02,283
user_06500,2025-08-16,300
user_05799,2025-12-15,179
user_02593,2025-06-26,351
user_03883,2025-09-15,270
user_02220,2025-12-14,180
user_04749,2025-12-12,182
user_06519,2025-10-29,226
user_04682,2025-11-26,198
user_09336,2025-11-19,205
user_00685,2025-12-16,178
user_08609,2025-12-17,177
user_00742,2025-12-06,188
user_02241,2025-09-20,265
user_08096,2025-12-26,168
user_08226,2025-11-10,214
user_00572,2025-10-11,244
user_08109,2025-08-17,299
user_09704,2025-11-16,208
user_06770,2025-10-18,237
user_08084,2025-09-08,277
user_05534,2025-11-11,213
user_07547,2025-11-30,194
user_01148,2025-12-01,193
user_01317,2025-12-07,187
user_09971,2025-12-14,180
user_08250,2025-12-28,166
user_02027,2025-11-04,220
user_08772,2025-07-04,343
user_02025,2025-12-09,185
user_02240,2025-11-20,204
user_06860,2025-10-28,227
user_03836,2025-10-20,235
user_08346,2025-12-07,187
user_03933,2025-12-24,170
user_01041,2025-11-26,198
user_09144,2025-09-26,259
user_04604,2024-07-30,682
user_01658,2025-11-28,196
user_02083,2025-12-24,170
user_08527,2025-05-19,389
user_04102,2025-03-07,462
user_06045,2025-11-23,201
user_05633,2025-10-14,241
user_04151,2025-12-08,186
user_06464,2025-12-07,187
user_08201,2025-10-01,254
user_04874,2025-12-20,174
user_01758,2025-12-20,174
user_03022,2025-08-08,308
user_02817,2025-10-07,248
user_07736,2025-10-16,239
user_08626,2025-12-08,186
user_01671,2025-09-07,278
user_04532,2025-11-10,214
user_01882,2025-12-31,163
user_08496,2025-12-15,179
user_06973,2025-08-28,288
user_03076,2025-09-10,275
user_08615,2025-11-01,223
user_05787,2025-11-03,221
user_07416,2025-07-26,321
user_09904,2025-12-19,175
user_06741,2025-11-30,194
user_06591,2025-12-26,168
user_00582,2025-07-31,316
user_04043,2025-12-11,183
user_05113,2025-08-17,299
user_05431,2025-12-25,169
user_01669,2025-07-26,321
user_08706,2025-12-31,163
user_02848,2025-09-06,279
user_05382,2025-12-09,185
user_00666,2025-09-24,261
user_09059,2025-12-17,177
user_02853,2025-11-02,222
user_06287,2025-11-08,216
user_06247,2025-12-20,174
user_01406,2025-12-31,163
user_07334,2025-11-20,204
user_08968,2025-08-22,294
user_02927,2025-11-30,194
user_04072,2025-12-31,163
user_04932,2025-06-05,372
user_08163,2025-11-27,197
user_03369,2025-11-30,194
user_08985,2025-12-25,169
user_07098,2025-11-14,210
user_01379,2025-12-18,176
user_08238,2025-11-08,216
user_09459,2025-12-17,177
user_01831,2025-11-23,201
user_09291,2025-12-31,163
user_05618,2025-10-07,248
user_00378,2024-06-04,738
user_02921,2025-07-31,316
user_05557,2025-11-05,219
user_03987,2025-10-27,228
user_08025,2025-12-24,170
user_07385,2025-04-01,437
user_03594,2025-07-22,325
user_03774,2025-12-30,164
user_00355,2025-10-08,247
user_01656,2025-12-21,173
user_07339,2025-10-16,239
user_06907,2025-11-05,219
user_07558,2025-11-12,212
user_03640,2025-12-15,179
user_04968,2025-11-08,216
user_05216,2025-07-04,343
user_05954,2025-11-30,194
user_08588,2025-12-05,189
user_00385,2025-10-20,235
user_00607,2025-06-17,360
user_06214,2025-07-02,345
user_00924,2025-08-30,286
user_04997,2025-08-25,291
user_02712,2025-10-29,226
user_05208,2025-11-11,213
user_09148,2025-12-23,171
user_07164,2025-11-19,205
user_06688,2025-11-18,206
user_08602,2025-12-20,174
user_01693,2025-01-25,503
user_04938,2025-10-20,235
user_07424,2025-09-01,284
user_02612,2025-11-03,221
user_07577,2025-02-18,479
user_01063,2025-09-24,261
user_03748,2025-12-02,192
user_05249,2025-09-25,260
user_09154,2025-09-12,273
user_09804,2025-10-26,229
user_09581,2025-05-06,402
user_02171,2025-09-23,262
user_08089,2025-10-17,238
user_06633,2025-07-14,333
user_06532,2025-08-08,308
user_05850,2025-11-25,199
user_04722,2025-12-03,191
user_05910,2025-11-01,223
user_01232,2025-07-31,316
user_04862,2025-09-20,265
user_09225,2025-12-08,186
user_03377,2025-09-19,266
user_04935,2025-12-21,173
user_01318,2025-07-20,327
user_06761,2025-05-06,402
user_07460,2025-07-28,319
user_03750,2025-10-18,237
user_03500,2025-12-26,168
user_02792,2025-10-19,236
user_01986,2025-12-01,193
user_01510,2025-08-25,291
user_02631,2025-12-13,181
user_03213,2025-12-25,169
user_02634,2025-10-04,251
user_00231,2025-12-30,164
user_04015,2025-11-17,207
user_05190,2025-07-19,328
user_07675,2025-11-15,209
user_08090,2025-10-13,242
user_03752,2025-10-11,244
user_09489,2025-12-28,166
user_03782,2025-12-18,176
user_07747,2025-09-20,265
user_01799,2025-09-30,255
user_05533,2025-10-30,225
user_09645,2025-12-20,174
user_03550,2025-11-18,206
user_00577,2025-11-28,196
user_07029,2025-11-11,213
user_06447,2025-11-05,219
user_08733,2025-11-01,223
user_06521,2025-11-27,197
user_08951,2025-05-28,380
user_07318,2025-12-26,168
user_03513,2025-12-23,171
user_04079,2025-11-19,205
user_05126,2025-12-12,182
user_07219,2025-12-12,182
user_09229,2025-11-13,211
user_07945,2025-09-12,273
user_04589,2025-11-28,196
user_02166,2025-12-19,175
user_00062,2025-12-23,171
user_00050,2025-08-31,285
user_09115,2025-12-31,163
user_08431,2025-08-05,311
user_04877,2025-12-31,163
user_01905,2025-10-31,224
user_02420,2025-11-05,219
user_07770,2025-09-23,262
user_05075,2025-12-22,172
user_05142,2025-11-23,201
user_06748,2025-09-22,263
user_03945,2025-11-02,222
user_03828,2025-11-17,207
user_09814,2025-12-21,173
user_09084,2025-10-23,232
user_08572,2025-09-12,273
user_07887,2025-09-28,257
user_02760,2025-11-28,196
user_02343,2025-11-03,221
user_03351,2025-10-14,241
user_01480,2025-09-24,261
user_05160,2025-12-27,167
user_08837,2025-09-24,261
user_07195,2025-12-24,170
user_09686,2025-12-01,193
user_07550,2025-12-31,163
user_05668,2025-03-16,453
user_02658,2025-11-29,195
user_02491,2025-12-23,171
user_02298,2025-12-17,177
user_04549,2025-09-18,267
user_03186,2025-12-04,190
user_03132,2025-05-29,379
user_09652,2025-12-12,182
user_06350,2025-08-13,303
user_04695,2025-10-08,247
user_08813,2025-12-16,178
user_06255,2025-11-29,195
user_08500,2025-10-26,229
user_05358,2025-09-17,268
user_04767,2025-12-28,166
user_08181,2025-07-16,331
user_07729,2025-11-05,219
user_09345,2025-12-09,185
user_08087,2025-12-19,175
user_08601,2025-10-12,243
user_00979,2025-12-15,179
user_02808,2025-10-15,240
user_06018,2025-08-07,309
user_07266,2025-10-31,224
user_05920,2025-12-01,193
user_04944,2025-12-29,165
user_01251,2025-10-30,225
user_09994,2025-11-08,216
user_07846,2025-10-29,226
user_02283,2025-02-17,480
user_05164,2025-09-16,269
user_09780,2025-11-19,205
user_09031,2025-11-04,220
user_03842,2025-11-19,205
user_00898,2025-12-18,176
user_07772,2025-09-01,284
user_07191,2025-11-03,221
user_05544,2025-05-31,377
user_05390,2025-12-05,189
user_02312,2025-07-19,328
user_09691,2025-10-03,252
user_03808,2025-08-09,307
user_04018,2025-11-28,196
user_00332,2025-12-30,164
user_08126,2025-11-25,199
user_05630,2025-12-18,176
user_00471,2025-11-12,212
user_05538,2025-06-11,366
user_06375,2025-12-08,186
user_03056,2025-12-29,165
user_05025,2025-10-25,230
user_06119,2025-12-03,191
user_07763,2025-10-19,236
user_04271,2025-10-15,240
user_10000,2025-11-09,215
user_08032,2025-12-01,193
user_06935,2025-10-15,240
user_07003,2025-11-03,221
user_06041,2025-07-21,326
user_06952,2025-11-27,197
user_09387,2025-08-03,313
user_06670,2025-09-22,263
user_04144,2025-12-13,181
user_00119,2025-11-30,194
user_07383,2025-12-19,175
user_08103,2025-12-21,173
user_01313,2025-09-27,258
user_02519,2025-08-01,315
user_02520,2025-12-17,177
user_08685,2025-06-29,348
user_01178,2025-12-03,191
user_06674,2025-08-28,288
user_00144,2025-10-04,251
user_02365,2025-12-28,166
user_04314,2025-10-17,238
user_03387,2025-12-24,170
user_00624,2025-12-31,163
user_03941,2025-12-10,184
user_01139,2025-11-10,214
user_03985,2025-09-09,276
user_02757,2025-08-17,299
user_07826,2025-12-14,180
user_06997,2025-12-27,167
user_00821,2025-12-15,179
user_03561,2025-11-19,205
user_01820,2025-12-29,165
user_03654,2025-07-31,316
user_02810,2025-10-03,252
user_01514,2025-08-28,288
user_08984,2025-11-14,210
user_03408,2025-06-04,373
user_05806,2025-07-10,337
user_09450,2025-10-10,245
user_07742,2025-05-27,381
user_06063,2025-08-30,286
user_02563,2025-12-09,185
user_08826,2025-11-30,194
user_00604,2025-10-28,227
user_04095,2025-10-28,227
user_01729,2024-12-07,552
user_09003,2025-06-26,351
user_07743,2025-12-25,169
user_04920,2025-03-04,465
user_09202,2025-05-13,395
user_03851,2025-11-25,199
user_05265,2025-12-23,171
user_03220,2025-08-31,285
user_00260,2025-12-03,191
user_00181,2025-08-05,311
user_00257,2025-12-18,176
user_09325,2025-12-21,173
user_00538,2025-12-04,190
user_09248,2025-11-30,194
user_09609,2025-10-31,224
user_01744,2025-09-02,283
user_07528,2025-07-28,319
user_03976,2025-12-03,191
user_01478,2025-08-08,308
user_09862,2025-12-12,182
user_03743,2025-09-24,261
user_07484,2025-08-31,285
user_09358,2025-11-30,194
user_05867,2025-12-12,182
user_03390,2025-11-24,200
user_03852,2025-12-14,180
user_04054,2025-05-27,381
user_03906,2025-12-25,169
user_05171,2025-11-29,195
user_07898,2025-10-28,227
user_00705,2025-12-30,164
user_03505,2025-12-28,166
user_04342,2025-12-26,168
user_01138,2025-12-29,165
user_00335,2025-11-24,200
user_01597,2025-11-27,197
user_02591,2025-08-26,290
user_09708,2025-12-03,191
user_08186,2025-12-19,175
user_05335,2025-12-09,185
user_04024,2025-11-12,212
user_09779,2025-10-21,234
user_00450,2025-10-28,227
user_07192,2025-12-15,179
user_00023,2025-12-19,175
user_07088,2025-11-12,212
user_07611,2025-12-19,175
user_05041,2025-08-20,296
user_03100,2025-05-03,405
user_07697,2025-12-28,166
user_02064,2025-07-30,317
user_01344,2025-11-03,221
user_05903,2025-12-16,178
user_00922,2025-12-09,185
user_01657,2025-11-18,206
user_05365,2025-12-31,163
user_09897,2025-09-11,274
user_09889,2025-11-12,212
user_01072,2025-12-03,191
user_03733,2025-08-24,292
user_07445,2025-10-25,230
user_03012,2025-10-25,230
user_09363,2025-11-25,199
user_08893,2025-06-24,353
user_05487,2025-12-15,179
user_06533,2025-11-25,199
user_09034,2025-12-29,165
user_04855,2025-07-11,336
user_03136,2025-09-26,259
user_05067,2025-12-21,173
user_07469,2025-05-11,397
user_02080,2025-09-21,264
user_08965,2025-11-09,215
user_08208,2025-11-11,213
user_07642,2025-10-25,230
user_06082,2025-12-06,188
user_01127,2025-07-09,338
user_09141,2025-06-15,362
user_07998,2025-12-10,184
user_06569,2025-11-25,199
user_08533,2025-12-20,174
user_03772,2025-10-23,232
user_08413,2025-12-13,181
user_03816,2025-10-04,251
user_04784,2025-12-27,167
user_03624,2025-03-16,453
user_08671,2025-12-30,164
user_05229,2025-12-31,163
user_09153,2025-06-30,347
user_09423,2025-12-01,193
user_08374,2025-12-11,183
user_04494,2025-08-11,305
user_03703,2025-11-18,206
user_08414,2025-12-18,176
user_06861,2025-09-16,269
user_07842,2025-12-16,178
user_05504,2025-10-13,242
user_07470,2025-10-05,250
user_01043,2025-11-04,220
user_09997,2025-07-28,319
user_08616,2025-10-07,248
user_06186,2025-06-19,358
user_01295,2025-08-04,312
user_06714,2025-12-10,184
user_08649,2025-10-22,233
user_06258,2025-12-13,181
user_02265,2025-05-11,397
user_04511,2024-09-06,644
user_04714,2025-11-14,210
user_04646,2025-10-05,250
user_04555,2025-09-21,264
user_05550,2025-09-15,270
user_07711,2025-12-25,169
user_02435,2025-12-21,173
user_06958,2025-09-21,264
user_05853,2025-12-23,171
user_03682,2025-11-07,217
user_07622,2025-12-07,187
user_01496,2025-12-22,172
user_08415,2025-12-19,175
user_02864,2025-06-01,376
user_01348,2025-12-07,187
user_00915,2025-12-26,168
user_04175,2025-12-31,163
user_03972,2025-08-15,301
user_05947,2025-05-17,391
user_02962,2025-11-02,222
user_01938,2025-12-31,163
user_05406,2025-10-17,238
user_09475,2025-12-22,172
user_00393,2025-11-17,207
user_00911,2025-12-03,191
user_07027,2025-11-25,199
user_09820,2025-12-31,163
user_01462,2025-12-09,185
user_07227,2025-12-26,168
user_01626,2025-11-18,206
user_00926,2025-09-24,261
user_05825,2025-11-17,207
user_05936,2025-12-01,193
user_06207,2025-09-09,276
user_02926,2025-12-29,165
user_05771,2025-10-19,236
user_05166,2025-11-18,206
user_09575,2025-12-07,187
user_08261,2025-12-23,171
user_05605,2025-12-08,186
user_03154,2025-12-13,181
user_06285,2025-12-11,183
user_07904,2025-07-03,344
user_07454,2025-10-22,233
user_09491,2025-12-24,170
user_06793,2025-05-08,400
user_03341,2025-12-31,163
user_00774,2025-12-31,163
user_05966,2025-08-21,295
user_01926,2025-11-30,194
user_05405,2025-11-25,199
user_07380,2025-11-25,199
user_00223,2025-08-04,312
user_05714,2025-10-11,244
user_05600,2025-09-24,261
user_08570,2025-02-06,491
user_03460,2025-11-26,198
user_00921,2025-11-09,215
user_08353,2025-09-05,280
user_08430,2025-11-06,218
user_05597,2025-12-03,191
user_04675,2025-11-05,219
user_08721,2025-09-01,284
user_06138,2025-12-27,167
user_08642,2025-12-04,190
user_07540,2025-08-25,291
user_08381,2025-09-29,256
user_05585,2025-11-25,199
user_06683,2025-11-27,197
user_02837,2025-03-21,448
user_09267,2025-12-05,189
user_01077,2025-09-12,273
user_06477,2025-09-05,280
user_03206,2025-11-09,215
user_06842,2025-12-28,166
user_01257,2025-12-13,181
user_02659,2025-12-01,193
user_04281,2025-05-10,398
user_02574,2025-11-29,195
user_03348,2025-08-28,288
user_01194,2025-08-08,308
user_09757,2025-12-05,189
user_08452,2025-10-24,231
user_00102,2025-12-28,166
user_05884,2025-10-17,238
user_03105,2025-12-25,169
user_01475,2025-11-01,223
user_08999,2025-11-02,222
user_07990,2025-11-10,214
user_09083,2025-08-01,315
user_02032,2025-12-10,184
user_05420,2025-12-01,193
user_05952,2025-10-09,246
user_09586,2025-07-17,330
user_05821,2025-07-31,316
user_07147,2025-09-08,277
user_01377,2025-09-15,270
user_00233,2025-07-08,339
user_05127,2025-12-09,185
user_05623,2025-12-23,171
user_01608,2025-10-20,235
user_08121,2025-12-30,164
user_05104,2025-12-24,170
user_00256,2025-12-02,192
user_07495,2025-01-28,500
user_05670,2025-02-19,478
user_04287,2024-12-20,539
user_04522,2025-12-18,176
user_03535,2025-12-31,163
user_08937,2025-12-16,178
user_04933,2025-10-24,231
user_01105,2025-11-04,220
user_04062,2025-10-11,244
user_02646,2025-10-23,232
user_09294,2025-11-14,210
user_08312,2025-11-28,196
user_09487,2025-11-24,200
user_09233,2024-12-06,553
user_09035,2025-11-03,221
user_04970,2025-08-15,301
user_07477,2025-10-27,228
user_00559,2025-07-19,328
user_08435,2025-10-18,237
user_01395,2025-05-05,403
user_02176,2025-07-29,318
user_04369,2025-12-01,193
user_07865,2025-09-26,259
user_09556,2025-11-11,213
user_08453,2025-12-26,168
user_07901,2025-04-26,412
user_00028,2025-10-07,248
user_03579,2025-11-27,197
user_04247,2025-11-29,195
user_09310,2025-04-17,421
user_01558,2025-10-27,228
user_05893,2025-09-01,284
user_02614,2025-08-02,314
user_04615,2025-09-22,263
user_09903,2025-10-05,250
user_05575,2025-12-19,175
user_07760,2025-11-02,222
user_01266,2025-12-20,174
user_03699,2025-02-23,474
user_00673,2025-10-29,226
user_07828,2025-12-06,188
user_06005,2025-08-27,289
user_06490,2025-11-09,215
user_06320,2025-12-01,193
user_08819,2025-09-06,279
user_07076,2025-08-18,298
user_02370,2025-11-01,223
user_08056,2025-11-18,206
user_09000,2025-12-31,163
user_03403,2025-07-12,335
user_00388,2025-12-26,168
user_08070,2025-11-07,217
user_05998,2025-11-04,220
user_05066,2025-09-27,258
user_02665,2025-08-18,298
user_03567,2025-12-24,170
user_07146,2025-12-23,171
user_06550,2025-12-26,168
user_06333,2025-12-29,165
user_01583,2025-11-26,198
user_01217,2025-10-24,231
user_07167,2025-11-05,219
user_08144,2025-11-08,216
user_00686,2025-07-08,339
user_06467,2025-12-13,181
user_06029,2025-11-19,205
user_00844,2025-12-20,174
user_03968,2025-10-21,234
user_03057,2025-11-17,207
user_02619,2025-06-14,363
user_06996,2025-12-25,169
user_06966,2025-07-25,322
user_00970,2025-07-07,340
user_07014,2025-11-02,222
user_07952,2025-11-11,213
user_09973,2025-12-16,178
user_08354,2025-11-07,217
user_08768,2025-07-13,334
user_04703,2025-11-21,203
user_07664,2025-08-18,298
user_08130,2025-12-29,165
user_00345,2025-12-22,172
user_05009,2025-12-18,176
user_09455,2025-11-23,201
user_03898,2025-11-07,217
user_09230,2025-12-15,179
user_05131,2025-11-03,221
user_05988,2025-10-08,247
user_04461,2025-09-15,270
user_01863,2025-07-15,332
user_07332,2025-12-19,175
user_07391,2025-12-23,171
user_07264,2025-11-11,213
user_03025,2025-07-02,345
user_05878,2025-12-19,175
user_08551,2025-11-05,219
user_08151,2025-11-05,219
user_07359,2025-12-23,171
user_00731,2025-08-27,289
user_02007,2025-11-29,195
user_01280,2025-09-07,278
user_08568,2025-12-15,179
user_08347,2025-12-04,190
user_08361,2025-08-15,301
user_04308,2025-10-22,233
user_06568,2025-12-11,183
user_00711,2025-03-23,446
user_04019,2025-12-11,183
user_02152,2025-10-23,232
user_00745,2025-12-29,165
user_07658,2025-07-24,323
user_08724,2025-12-29,165
user_05484,2025-12-19,175
user_00441,2025-12-08,186
user_03802,2025-09-20,265
user_02845,2025-11-20,204
user_05111,2025-12-13,181
user_01959,2025-09-22,263
user_00453,2025-10-10,245
user_07081,2025-11-02,222
user_02620,2025-09-24,261
user_00005,2025-09-19,266
user_08318,2025-11-16,208
user_07617,2025-05-28,380
user_00954,2025-11-12,212
user_05500,2025-12-19,175
user_08553,2025-08-06,310
user_00126,2025-12-16,178
user_06721,2025-12-23,171
user_03943,2025-12-20,174
user_08341,2025-11-22,202
user_06712,2025-11-25,199
user_02233,2025-11-14,210
user_07758,2025-12-06,188
user_07190,2025-11-04,220
user_03835,2025-12-23,171
user_04321,2025-10-04,251
user_09516,2025-10-17,238
user_07056,2025-11-17,207
user_01082,2025-11-22,202
user_00718,2025-10-10,245
user_06430,2025-09-12,273
user_02935,2025-12-24,170
user_09156,2025-12-04,190
user_04890,2025-09-05,280
user_01213,2025-12-16,178
user_03778,2025-12-18,176
user_02276,2025-12-31,163
user_01218,2025-08-07,309
user_02473,2025-08-17,299
user_04676,2025-12-11,183
user_04010,2025-12-23,171
user_00987,2025-11-15,209
user_03284,2025-12-15,179
user_01461,2025-11-28,196
user_04653,2025-10-28,227
user_07028,2025-08-05,311
user_02629,2025-10-12,243
user_00619,2025-06-05,372
user_07752,2025-04-02,436
user_00595,2025-11-19,205
user_02302,2025-12-22,172
user_09208,2025-12-30,164
user_08909,2025-10-10,245
user_05258,2025-10-30,225
user_06361,2025-12-31,163
user_01268,2025-07-19,328
user_09564,2025-12-22,172
user_07011,2025-07-26,321
user_03413,2025-12-22,172
user_06406,2025-12-31,163
user_07978,2025-11-06,218
user_03164,2025-12-26,168
user_06705,2025-12-19,175
user_00357,2025-11-06,218
user_09293,2025-11-24,200
user_07322,2025-11-07,217
user_01691,2025-10-13,242
user_06517,2025-10-02,253
user_00239,2025-12-24,170
user_04487,2025-09-08,277
user_05660,2025-10-14,241
user_00841,2025-05-30,378
user_03657,2025-06-28,349
user_06631,2025-08-31,285
user_09383,2025-09-09,276
user_08716,2025-09-22,263
user_08859,2025-12-17,177
user_09259,2025-12-25,169
user_06404,2025-12-30,164
user_03291,2025-07-14,333
user_06421,2025-11-02,222
user_04040,2025-10-11,244
user_07203,2025-10-10,245
user_06401,2025-12-21,173
user_03450,2025-10-04,251
user_09028,2025-08-20,296
user_04674,2025-11-22,202
user_08273,2025-11-02,222
user_01574,2025-05-16,392
user_02114,2025-10-29,226
user_01101,2025-11-24,200
user_05571,2025-12-24,170
user_00268,2025-10-29,226
user_04114,2025-11-17,207
user_09854,2025-06-22,355
user_01019,2025-07-30,317
user_02113,2025-11-16,208
user_06225,2025-08-04,312
user_07157,2025-10-31,224
user_09437,2025-12-11,183
user_04400,2025-12-24,170
user_02787,2025-10-22,233
user_00737,2025-09-22,263
user_02915,2025-12-13,181
user_07638,2025-12-19,175
user_08395,2025-09-20,265
user_04659,2025-11-10,214
user_08102,2025-11-10,214
user_01383,2025-12-03,191
user_05193,2025-12-29,165
user_07485,2025-10-21,234
user_09431,2025-12-23,171
user_01642,2025-07-30,317
user_03568,2025-12-08,186
user_05203,2025-09-10,275
user_09109,2025-12-29,165
user_07855,2025-09-29,256
user_07571,2025-10-12,243
user_04256,2025-12-27,167
user_09086,2025-10-04,251
user_07407,2025-12-26,168
user_01010,2025-09-19,266
user_09533,2025-12-15,179
user_03320,2025-06-28,349
user_08892,2025-12-13,181
user_08476,2025-12-19,175
user_03182,2025-08-05,311
user_05338,2025-03-22,447
user_07069,2025-09-14,271
user_01625,2025-09-27,258
user_08809,2025-09-22,263
user_00899,2025-10-14,241
user_09954,2025-12-18,176
user_09386,2025-10-11,244
user_04466,2025-12-10,184
user_06068,2025-05-12,396
user_06915,2025-10-26,229
user_04496,2025-10-08,247
user_01038,2025-08-19,297
user_08449,2025-11-15,209
user_06488,2025-11-25,199
user_09005,2025-09-18,267
user_06345,2025-10-21,234
user_03140,2025-09-11,274
user_03240,2025-10-21,234
user_07480,2025-12-18,176
user_07607,2025-10-04,251
user_01071,2025-11-24,200
user_07812,2025-12-20,174
user_04766,2025-12-22,172
user_08978,2025-09-03,282
user_09234,2025-09-06,279
user_01665,2025-11-03,221
user_06583,2025-12-10,184
user_04806,2025-09-11,274
user_00773,2025-12-11,183
user_01445,2025-09-12,273
user_06826,2025-10-16,239
user_09419,2024-12-21,538
user_00350,2025-11-05,219
user_02710,2025-11-19,205
user_09863,2025-11-04,220
user_03366,2025-10-10,245
user_00738,2025-10-18,237
user_01448,2025-12-31,163
user_03663,2025-10-29,226
user_05904,2025-09-17,268
user_06474,2025-11-26,198
user_01790,2025-10-28,227
user_09133,2025-08-20,296
user_01227,2025-11-06,218
user_00273,2025-12-16,178
user_00811,2025-12-08,186
user_02052,2025-10-08,247
user_03011,2025-11-05,219
user_00092,2025-09-28,257
user_09703,2025-12-25,169
user_02253,2025-08-12,304
user_02254,2025-05-06,402
user_03050,2025-11-23,201
user_00304,2025-11-21,203
user_01476,2025-09-17,268
user_02733,2025-11-11,213
user_03559,2025-12-12,182
user_02625,2025-07-13,334
user_06700,2025-07-21,326
user_04846,2025-12-20,174
user_03125,2025-11-10,214
user_06789,2025-10-28,227
user_06717,2025-06-23,354
user_02937,2025-11-01,223
user_05791,2025-08-09,307
user_08535,2025-12-21,173
user_07026,2025-12-06,188
user_03744,2025-11-29,195
user_03670,2025-11-18,206
user_01524,2025-08-06,310
user_01718,2025-11-18,206
user_07234,2025-12-03,191
user_05592,2025-11-13,211
user_08877,2025-12-22,172
user_02754,2025-12-14,180
user_04118,2025-11-21,203
user_01978,2025-11-07,217
user_06116,2025-12-23,171
user_08929,2025-12-05,189
user_00511,2025-10-01,254
user_06139,2025-11-12,212
user_05245,2025-11-25,199
user_05680,2025-08-17,299
user_02704,2025-10-25,230
user_05695,2025-11-27,197
user_05082,2025-11-08,216
user_04558,2025-12-16,178
user_06379,2025-10-29,226
user_07102,2025-11-16,208
user_00381,2025-08-21,295
user_08211,2025-12-06,188
user_08258,2025-11-08,216
user_05172,2025-11-25,199
user_08676,2025-11-16,208
user_00420,2025-11-14,210
user_07305,2025-07-04,343
user_06298,2025-11-08,216
user_04753,2025-12-11,183
user_01422,2025-01-04,524
user_05424,2025-03-30,439
user_04293,2024-11-19,570
user_07598,2025-09-30,255
user_07289,2025-11-06,218
user_09948,2025-12-06,188
user_06174,2025-10-29,226
user_09914,2025-10-20,235
user_02143,2025-08-21,295
user_04264,2025-11-01,223
user_08072,2025-12-04,190
user_05140,2025-11-03,221
user_07312,2025-10-04,251
user_00008,2025-11-27,197
user_05943,2025-11-21,203
user_02280,2025-12-22,172
user_07128,2025-03-04,465
user_04100,2025-07-12,335
user_04497,2025-12-18,176
user_06881,2025-12-15,179
user_03838,2025-12-09,185
user_05013,2025-08-04,312
user_07064,2025-11-13,211
user_02016,2025-12-22,172
user_08195,2025-09-17,268
user_06484,2025-10-16,239
user_01081,2025-12-30,164
user_09985,2025-10-20,235
user_02548,2025-10-29,226
user_07731,2025-12-17,177
user_09271,2025-11-22,202
user_08020,2025-12-07,187
user_06031,2025-12-03,191
user_07246,2025-06-16,361
user_04612,2025-12-11,183
user_04546,2025-12-21,173
user_06869,2025-10-31,224
user_01382,2025-09-23,262
user_02943,2025-08-26,290
user_06027,2025-12-07,187
user_05252,2025-12-12,182
user_02289,2025-11-10,214
user_03724,2025-11-27,197
user_05874,2025-12-30,164
user_05570,2025-12-24,170
user_04162,2025-08-15,301
user_01710,2025-12-20,174
user_00551,2024-11-30,559
user_01826,2025-12-02,192
user_00789,2025-12-08,186
user_09956,2025-11-26,198
user_00807,2025-11-12,212
user_01231,2025-11-08,216
user_06274,2025-10-01,254
user_08635,2025-10-01,254
user_03047,2025-12-21,173
user_00098,2025-11-12,212
user_00339,2025-09-12,273
user_01029,2025-11-07,217
user_03726,2025-12-24,170
user_00612,2025-10-30,225
user_01132,2025-05-06,402
user_06874,2025-12-28,166
user_00317,2025-11-11,213
user_02846,2025-10-25,230
user_00795,2025-12-11,183
user_03379,2025-10-13,242
user_04323,2025-12-12,182
user_05056,2025-11-19,205
user_00792,2025-06-25,352
user_07286,2025-10-10,245
user_00858,2025-12-13,181
user_08379,2025-12-23,171
user_00845,2025-11-08,216
user_04709,2025-12-22,172
user_05974,2025-11-26,198
user_04474,2025-11-19,205
user_04975,2025-09-19,266
user_03382,2025-06-16,361
user_09873,2025-11-10,214
user_01112,2025-11-19,205
user_07644,2025-12-25,169
user_03509,2025-11-29,195
user_01184,2025-11-21,203
user_06366,2025-12-21,173
user_06184,2025-05-10,398
user_07659,2025-12-30,164
user_00358,2025-12-07,187
user_06917,2025-10-29,226
user_01727,2025-12-16,178
user_04394,2025-11-20,204
user_01792,2025-10-30,225
user_00338,2025-10-04,251
user_06807,2025-09-26,259
user_09456,2025-12-08,186
user_03121,2025-09-07,278
user_05385,2025-12-28,166
user_00241,2025-12-29,165
user_08028,2025-06-11,366
user_04849,2025-08-23,293
user_06353,2025-11-22,202
user_07817,2025-12-19,175
user_00247,2025-12-31,163
user_09203,2025-11-20,204
user_01210,2025-10-15,240
user_04160,2025-12-24,170
user_05816,2025-11-29,195
user_02197,2025-11-02,222
user_09747,2025-11-16,208
user_03091,2025-08-23,293
user_09849,2025-12-25,169
user_00367,2025-11-04,220
user_00779,2025-11-28,196
user_08764,2025-09-01,284
user_08141,2025-08-16,300
user_02884,2025-10-17,238
user_06344,2025-07-11,336
user_03360,2025-12-25,169
user_05462,2025-10-08,247
user_02896,2025-12-09,185
user_04295,2025-12-23,171
user_00361,2025-06-20,357
user_09091,2025-12-26,168
user_02592,2025-12-09,185
user_02999,2025-06-04,373
user_05035,2025-11-08,216
user_08736,2025-12-18,176
user_09375,2025-11-18,206
user_01819,2025-09-17,268
user_06250,2025-10-11,244
user_04961,2025-10-13,242
user_05657,2025-09-20,265
user_01535,2025-11-28,196
user_03159,2025-11-11,213
user_00514,2025-12-06,188
user_08463,2025-08-26,290
user_06411,2025-12-29,165
user_05513,2025-10-26,229
user_07308,2025-10-05,250
user_09269,2025-06-21,356
user_05675,2025-10-03,252
user_08878,2025-10-09,246
user_04334,2025-11-14,210
user_06769,2025-11-16,208
user_00675,2025-06-18,359
user_08919,2025-12-23,171
user_09754,2025-10-15,240
user_06359,2025-11-15,209
user_01724,2025-10-20,235
user_01587,2025-11-12,212
user_00058,2025-11-17,207
user_07506,2025-12-06,188
user_09901,2025-11-13,211
user_06513,2025-12-02,192
user_09474,2025-12-13,181
user_07151,2025-12-18,176
user_02975,2025-10-21,234
user_02452,2025-12-01,193
user_00556,2025-12-07,187
user_06505,2025-07-10,337
user_08598,2025-12-25,169
user_01833,2025-12-27,167
user_02165,2025-12-30,164
user_05875,2025-10-03,252
user_02342,2025-12-23,171
user_04980,2025-06-14,363
user_03087,2025-12-09,185
user_08429,2025-12-03,191
user_06499,2025-04-12,426
user_05137,2025-12-05,189
user_06056,2025-09-20,265
user_05769,2025-06-24,353
user_08873,2025-12-08,186
user_06967,2025-12-11,183
user_07927,2025-11-12,212
user_04815,2025-12-18,176
user_06798,2025-11-15,209
user_08406,2025-10-11,244
user_07287,2025-12-15,179
user_09552,2025-12-11,183
user_05138,2025-09-24,261
user_09142,2025-12-08,186
user_01129,2025-08-19,297
user_02860,2025-12-04,190
user_05610,2025-12-09,185
user_05835,2025-11-25,199
user_07412,2025-10-10,245
user_09777,2025-12-29,165
user_01049,2025-11-06,218
user_08875,2025-12-26,168
user_06217,2025-10-15,240
user_03436,2025-11-24,200
user_07122,2025-12-24,170
user_02644,2025-11-27,197
user_03453,2025-10-20,235
user_05579,2025-10-19,236
user_06035,2025-11-14,210
user_08067,2025-04-02,436
user_09216,2025-12-22,172
user_03622,2025-12-16,178
user_09415,2025-11-24,200
user_06511,2025-01-08,520
user_04050,2025-12-05,189
user_00591,2025-08-06,310
user_06843,2025-08-18,298
user_08680,2025-10-14,241
user_06920,2025-12-01,193
user_02141,2025-10-22,233
user_08521,2025-07-16,331
user_00965,2025-09-15,270
user_03126,2025-12-15,179
user_00456,2025-12-17,177
user_02782,2025-12-13,181
user_02419,2025-11-18,206
user_01208,2025-07-21,326
user_07038,2025-08-10,306
user_01487,2025-12-14,180
user_08958,2025-08-28,288
user_04440,2025-12-12,182
user_09096,2025-10-26,229
user_00346,2025-11-30,194
user_02345,2025-10-14,241
user_01632,2025-09-03,282
user_06971,2025-12-27,167
user_05661,2025-11-16,208
user_00621,2025-10-21,234
user_02160,2025-09-05,280
user_05551,2025-12-07,187
user_09073,2025-11-02,222
user_01545,2025-07-30,317
user_00264,2025-07-11,336
user_06216,2025-11-09,215
user_02957,2025-12-13,181
user_08134,2025-09-28,257
user_03374,2025-08-03,313
user_01809,2025-12-05,189
user_04533,2025-08-16,300
user_07986,2025-07-13,334
user_05819,2025-12-30,164
user_04840,2025-11-18,206
user_07614,2025-07-06,341
user_08460,2025-12-05,189
user_05313,2025-09-15,270
user_06151,2025-10-17,238
user_05363,2025-11-13,211
user_06734,2025-07-04,343
user_04562,2025-12-25,169
user_08956,2025-12-01,193
user_08200,2025-07-23,324
user_07036,2025-11-29,195
user_06387,2025-11-22,202
user_09460,2025-11-03,221
user_04305,2025-08-19,297
user_09239,2025-10-15,240
user_09370,2025-12-08,186
user_09224,2025-11-26,198
user_01397,2025-12-28,166
user_08559,2025-06-10,367
user_01908,2025-12-21,173
user_09424,2025-09-04,281
user_08344,2025-11-11,213
user_08884,2025-07-14,333
user_02442,2025-08-16,300
user_06478,2025-10-17,238
user_00085,2025-12-26,168
user_08536,2025-06-02,375
user_04339,2025-08-03,313
user_01973,2024-12-01,558
user_04958,2025-09-29,256
user_05481,2025-12-12,182
user_02775,2025-11-21,203
user_07292,2025-07-07,340
user_05434,2025-11-05,219
user_03692,2025-04-22,416
user_04945,2025-12-07,187
user_07715,2025-11-19,205
user_01855,2025-03-10,459
user_09033,2025-10-17,238
user_06669,2025-09-14,271
user_01380,2025-11-03,221
user_02350,2025-04-11,427
user_00723,2025-10-10,245
user_00435,2025-12-18,176
user_04039,2025-11-29,195
user_08870,2025-12-31,163
user_04684,2025-10-22,233
user_05731,2025-08-25,291
user_07140,2025-07-17,330
user_06704,2025-06-26,351
user_09778,2025-09-22,263
user_06202,2025-10-12,243
user_04320,2025-12-22,172
user_00505,2025-10-06,249
user_04460,2025-10-29,226
user_06134,2025-06-06,371
user_08146,2025-08-06,310
user_05631,2025-12-31,163
user_00302,2025-07-15,332
user_03607,2025-12-31,163
user_08270,2025-12-17,177
user_09970,2025-12-23,171
user_02095,2025-09-10,275
user_02212,2025-08-11,305
user_01540,2025-12-10,184
user_03337,2025-12-25,169
user_03302,2025-11-02,222
user_05397,2025-09-12,273
user_01618,2025-10-11,244
user_00805,2025-05-12,396
user_01806,2025-08-12,304
user_04307,2025-07-16,331
user_08128,2025-05-06,402
user_03207,2025-07-07,340
user_00847,2025-12-29,165
user_02172,2025-12-17,177
user_06902,2025-12-15,179
user_08166,2025-10-13,242
user_06322,2025-10-25,230
user_08633,2025-06-08,369
user_06706,2025-11-05,219
user_05198,2025-11-11,213
user_09483,2025-06-21,356
user_01375,2025-08-27,289
user_05984,2025-08-06,310
user_03368,2025-12-10,184
user_07171,2025-11-28,196
user_08432,2025-12-20,174
user_04475,2025-11-23,201
user_00684,2025-09-22,263
user_03197,2025-10-28,227
user_02391,2025-11-17,207
user_01565,2025-07-23,324
user_02699,2025-11-28,196
user_01393,2025-12-11,183
user_07330,2025-09-30,255
user_04099,2025-09-07,278
user_09422,2025-10-26,229
user_06288,2025-12-30,164
user_03592,2025-08-20,296
user_00781,2025-12-10,184
user_05757,2025-11-16,208
user_04711,2025-11-22,202
user_04824,2025-11-23,201
user_03474,2025-12-31,163
user_01258,2025-12-02,192
user_06382,2025-11-27,197
user_07111,2025-10-20,235
user_05219,2025-11-12,212
user_04213,2025-12-25,169
user_04567,2025-12-09,185
user_09726,2025-11-27,197
user_07527,2025-12-26,168
user_08387,2025-10-14,241
user_05472,2025-09-07,278
user_06764,2025-09-21,264
user_01047,2025-11-10,214
user_08565,2025-10-30,225
user_06665,2025-02-11,486
user_02766,2025-06-04,373
user_00550,2025-10-25,230
user_08771,2025-12-02,192
user_03440,2025-12-31,163
user_06044,2025-10-06,249
user_01920,2025-12-20,174
user_07163,2025-02-28,469
user_04477,2025-12-17,177
user_03775,2025-12-08,186
user_03445,2025-10-08,247
user_00493,2025-12-18,176
user_09539,2025-05-13,395
user_06661,2025-11-18,206
user_02337,2025-11-25,199
user_09453,2025-12-05,189
user_09902,2025-05-06,402
user_04430,2025-12-07,187
user_00041,2025-12-13,181
user_03860,2025-12-12,182
user_02607,2025-06-16,361
user_00225,2025-06-22,355
user_00403,2025-12-14,180
user_04025,2025-08-15,301
user_08454,2025-11-28,196
user_04402,2024-11-07,582
user_05666,2025-12-13,181
user_06342,2025-11-17,207
user_08152,2025-12-31,163
user_08489,2025-10-24,231
user_04374,2025-11-15,209
user_08970,2025-08-07,309
user_07054,2025-09-27,258
user_09187,2025-09-27,258
user_09964,2025-12-17,177
user_06886,2025-10-04,251
user_03490,2025-12-24,170
user_06613,2025-12-11,183
user_01353,2025-11-09,215
user_02600,2025-03-17,452
user_05795,2025-12-29,165
user_02184,2025-12-31,163
user_07554,2025-05-17,391
user_06431,2025-11-25,199
user_07779,2025-12-10,184
user_02643,2025-09-30,255
user_04048,2025-12-07,187
user_08585,2025-10-15,240
user_02353,2025-11-18,206
user_05135,2025-10-08,247
user_09611,2025-11-27,197
user_07557,2025-12-25,169
user_00879,2025-12-11,183
user_02649,2025-11-09,215
user_06551,2025-10-28,227
user_08494,2025-09-13,272
user_07464,2025-09-06,279
user_00250,2025-12-01,193
user_00804,2025-12-23,171
user_08423,2025-11-04,220
user_04035,2025-05-26,382
user_07565,2025-11-28,196
user_08948,2025-12-28,166
user_04601,2025-09-17,268
user_03740,2025-09-28,257
user_00581,2025-12-28,166
user_01924,2025-08-03,313
user_06871,2025-12-14,180
user_08004,2025-12-21,173
user_09166,2025-12-05,189
user_09279,2025-09-10,275
user_07145,2025-09-12,273
user_04608,2025-12-09,185
user_08462,2025-12-01,193
user_07908,2025-05-01,407
user_02977,2025-12-07,187
user_03325,2025-10-25,230
user_00148,2025-09-16,269
user_00744,2025-12-22,172
user_07877,2025-09-05,280
user_07352,2025-08-05,311
user_08433,2025-12-26,168
user_00169,2025-11-29,195
user_05248,2025-09-23,262
user_05094,2025-12-25,169
user_00762,2025-12-12,182
user_04170,2025-12-27,167
user_01712,2025-05-17,391
user_03176,2025-11-16,208
user_02736,2025-12-09,185
user_08280,2025-10-29,226
user_02471,2025-10-07,248
user_08074,2025-05-11,397
user_02742,2025-06-25,352
user_09092,2025-10-05,250
user_04734,2025-12-22,172
user_09678,2025-07-07,340
user_00854,2025-11-19,205
user_08064,2025-09-30,255
user_00606,2025-12-03,191
user_01867,2025-05-23,385
user_01128,2025-10-12,243
user_00271,2025-11-12,212
user_07009,2025-11-11,213
user_06803,2025-01-11,517
user_09772,2025-10-04,251
user_04544,2025-09-02,283
user_04634,2025-12-22,172
user_05381,2025-11-07,217
user_07720,2025-11-13,211
user_07106,2025-11-30,194
user_03727,2025-10-05,250
user_08005,2025-12-10,184
user_07045,2025-09-24,261
user_03361,2025-12-16,178
user_03948,2025-11-23,201
user_03957,2025-08-10,306
user_03347,2025-08-25,291
user_09018,2025-12-24,170
user_00721,2025-12-29,165
user_08872,2025-12-23,171
user_00980,2025-06-19,358
user_07005,2025-09-10,275
user_02422,2025-08-18,298
user_04626,2025-11-05,219
user_00925,2025-11-11,213
user_07107,2025-06-13,364
user_03800,2025-04-29,409
user_08796,2025-10-13,242
user_04875,2025-11-11,213
user_02314,2025-11-11,213
user_07456,2025-12-20,174
user_00200,2025-12-20,174
user_06906,2025-12-04,190
user_01107,2025-11-22,202
user_02024,2025-08-09,307
user_08389,2025-10-05,250
user_08022,2025-12-14,180
user_02676,2025-12-17,177
user_09877,2025-11-30,194
user_09570,2025-11-22,202
user_03383,2025-07-20,327
user_04327,2025-05-30,378
user_08348,2025-11-26,198
user_04343,2025-12-21,173
user_01278,2025-10-12,243
user_01606,2025-11-27,197
user_01291,2025-08-16,300
user_06724,2025-12-05,189
user_06389,2025-05-18,390
user_01757,2025-12-08,186
user_08983,2025-12-07,187
user_02051,2025-11-22,202
user_00283,2025-09-22,263
user_09012,2025-04-24,414
user_07905,2025-12-12,182
user_04225,2025-12-25,169
user_08079,2025-12-17,177
user_09199,2025-09-12,273
user_08757,2025-10-21,234
user_06772,2025-09-21,264
user_03040,2025-11-12,212
user_06951,2025-10-18,237
user_05593,2025-12-21,173
user_07628,2025-06-10,367
user_01325,2025-12-25,169
user_00715,2025-12-28,166
user_01164,2025-12-02,192
user_06033,2025-08-29,287
user_06580,2025-12-27,167
user_05558,2025-08-22,294
user_02244,2025-10-22,233
user_09058,2025-05-16,392
user_04454,2025-08-15,301
user_07139,2025-12-12,182
user_09394,2025-08-31,285
user_06786,2025-07-20,327
user_06720,2025-12-02,192
user_09590,2025-12-25,169
user_09573,2025-12-30,164
user_02225,2025-12-27,167
user_02151,2025-10-17,238
user_01898,2025-10-30,225
user_06975,2025-12-09,185
user_04865,2025-08-09,307
user_08279,2025-11-26,198
user_02701,2025-09-20,265
user_05317,2025-08-17,299
user_09906,2025-02-20,477
user_07973,2025-11-05,219
user_08107,2025-11-27,197
user_06559,2025-11-21,203
user_03010,2025-12-19,175
user_07950,2025-07-12,335
user_03020,2025-10-05,250
user_09929,2025-11-05,219
user_07394,2025-08-03,313
user_04650,2025-11-19,205
user_06376,2025-12-22,172
user_08858,2025-10-30,225
user_05436,2025-12-26,168
user_02079,2025-11-23,201
user_00913,2025-05-31,377
user_02572,2025-11-21,203
user_02601,2025-12-02,192
user_05339,2025-12-25,169
user_04354,2025-09-12,273
user_09350,2025-08-21,295
user_05832,2025-11-18,206
user_06538,2025-08-15,301
user_07858,2025-10-07,248
user_04303,2025-11-10,214
user_04154,2025-12-28,166
user_05957,2025-09-30,255
user_09195,2024-10-06,614
user_05784,2025-09-01,284
user_06892,2025-06-14,363
user_02857,2025-08-14,302
user_01387,2025-12-27,167
user_08287,2025-05-06,402
user_09323,2025-12-29,165
user_05290,2025-11-12,212
user_09088,2025-12-19,175
user_05777,2025-12-20,174
user_00464,2025-11-21,203
user_01832,2025-11-14,210
user_02797,2025-10-03,252
user_08252,2025-12-14,180
user_06578,2025-12-30,164
user_09244,2025-12-23,171
user_02547,2025-12-23,171
user_04150,2025-11-23,201
user_05153,2025-02-04,493
user_04172,2025-12-11,183
user_06567,2025-09-06,279
user_01095,2025-12-19,175
user_01954,2025-03-13,456
user_00959,2025-10-02,253
user_02588,2025-08-25,291
user_07130,2025-12-22,172
user_09899,2025-11-27,197
user_02237,2025-12-25,169
user_07087,2025-11-19,205
user_06799,2025-01-27,501
user_06646,2025-10-28,227
user_00878,2025-12-22,172
user_00344,2025-04-25,413
user_05295,2025-06-10,367
user_08475,2025-11-29,195
user_08942,2025-07-02,345
user_08456,2025-07-16,331
user_08577,2025-10-26,229
user_00849,2025-09-25,260
user_02315,2025-11-21,203
user_06008,2025-12-30,164
user_04182,2025-07-21,326
user_06850,2025-11-01,223
user_09990,2025-12-24,170
user_03252,2025-08-25,291
user_07329,2025-05-11,397
user_07179,2025-12-11,183
user_00301,2025-12-29,165
user_09630,2025-10-25,230
user_06128,2025-11-07,217
user_00457,2025-12-27,167
user_04296,2025-10-09,246
user_07349,2025-09-24,261
user_04232,2025-12-12,182
user_05034,2025-11-11,213
user_02777,2025-10-02,253
user_07703,2025-12-14,180
user_03401,2025-11-20,204
user_07231,2025-10-07,248
user_06446,2025-12-22,172
user_04841,2025-11-23,201
user_02855,2025-10-03,252
user_00214,2025-12-10,184
user_02990,2025-12-06,188
user_01260,2025-10-15,240
user_02671,2025-12-17,177
user_07178,2025-12-22,172
user_03528,2025-12-31,163
user_06795,2025-12-02,192
user_00515,2025-12-13,181
user_05898,2025-11-09,215
user_00588,2025-09-01,284
user_09553,2025-10-05,250
user_08002,2025-12-30,164
user_07847,2025-08-01,315
user_07039,2025-12-12,182
user_09075,2025-09-03,282
user_09944,2025-08-04,312
user_07208,2025-12-19,175
user_09614,2025-12-08,186
user_06471,2025-11-30,194
user_05076,2025-12-19,175
user_01731,2025-10-21,234
user_04803,2025-11-25,199
user_07314,2025-07-22,325
user_05018,2025-11-27,197
user_06067,2025-11-02,222
user_08748,2025-09-16,269
user_00824,2025-11-27,197
user_02451,2025-08-19,297
user_00375,2025-10-17,238
user_09629,2025-12-15,179
user_02309,2025-07-05,342
user_01440,2025-11-13,211
user_05881,2025-08-12,304
user_04341,2025-12-07,187
user_07912,2025-12-03,191
user_01491,2025-06-23,354
user_01733,2025-10-11,244
user_03068,2025-12-18,176
user_00896,2025-07-31,316
user_01686,2025-10-31,224
user_07479,2025-12-07,187
user_09529,2025-10-30,225
user_02744,2025-07-18,329
user_06984,2025-12-22,172
user_04396,2025-11-20,204
user_09722,2025-10-29,226
user_01921,2025-12-31,163
user_01949,2025-10-06,249
user_05836,2025-10-14,241
user_07285,2025-10-22,233
user_03821,2025-09-01,284
user_02535,2025-08-29,287
user_03463,2025-12-20,174
user_01352,2025-11-19,205
user_03251,2025-02-06,491
user_07725,2025-12-20,174
user_05553,2025-12-25,169
user_06246,2025-11-03,221
user_08071,2025-09-24,261
user_00884,2025-12-11,183
user_02406,2025-12-26,168
user_07395,2025-10-27,228
user_09002,2025-12-12,182
user_02980,2025-10-28,227
user_06085,2025-12-06,188
user_00820,2025-11-26,198
user_01708,2025-12-26,168
user_00306,2025-11-30,194
user_04316,2025-12-25,169
user_02466,2025-09-19,266
user_02739,2025-06-01,376
user_02268,2025-05-23,385
user_00946,2025-12-16,178
user_05275,2025-12-09,185
user_05951,2025-07-11,336
user_06819,2025-11-21,203
user_07885,2025-08-14,302
user_01050,2025-11-20,204
user_01237,2025-11-05,219
user_05141,2025-12-26,168
user_02067,2025-05-21,387
user_02454,2025-10-23,232
user_08169,2025-12-03,191
user_06273,2025-12-30,164
user_09622,2025-11-26,198
user_02709,2025-12-25,169
user_02274,2025-12-13,181
user_00634,2025-09-18,267
user_00133,2025-12-21,173
user_09797,2025-12-13,181
user_04302,2025-12-10,184
user_00969,2025-08-16,300
user_04927,2025-12-26,168
user_03183,2025-12-16,178
user_04384,2025-12-26,168
user_04076,2025-11-26,198
user_06540,2025-12-22,172
user_08711,2025-11-24,200
user_01501,2025-11-24,200
user_05404,2025-12-23,171
user_04770,2025-12-08,186
user_08442,2025-12-18,176
user_09280,2025-10-16,239
user_08530,2025-09-02,283
user_05337,2025-06-25,352
user_04471,2025-12-14,180
user_07696,2025-09-15,270
user_03866,2025-07-01,346
user_07767,2025-11-03,221
user_00842,2025-10-05,250
user_02427,2025-12-05,189
user_09856,2025-11-18,206
user_00633,2025-05-13,395
user_05440,2025-12-30,164
user_00672,2025-12-19,175
user_09538,2025-12-09,185
user_06783,2025-11-04,220
user_02555,2025-07-21,326
user_00698,2025-11-20,204
user_02679,2025-09-25,260
user_06413,2025-11-18,206
user_07823,2024-12-29,530
user_07578,2025-11-14,210
user_09185,2025-07-24,323
user_06942,2025-12-30,164
user_05935,2025-11-27,197
user_03631,2025-08-30,286
user_08735,2025-12-28,166
user_05386,2025-11-22,202
user_03722,2025-06-09,368
user_02514,2025-11-22,202
user_04187,2025-12-29,165
user_08311,2025-09-13,272
user_02135,2025-12-08,186
user_02200,2025-09-05,280
user_05225,2025-11-18,206
user_09347,2025-11-25,199
user_09608,2025-12-19,175
user_02540,2025-10-08,247
user_00353,2025-11-06,218
user_05114,2025-08-23,293
user_06152,2024-09-26,624
user_03123,2025-11-18,206
user_06685,2025-10-19,236
user_09695,2025-09-12,273
user_07188,2025-12-05,189
user_05636,2025-03-08,461
user_06956,2025-12-03,191
user_06172,2025-09-05,280
user_05653,2025-09-06,279
user_02103,2025-08-05,311
user_01940,2025-12-18,176
user_00599,2025-11-14,210
user_09299,2025-07-09,338
user_06525,2025-02-17,480
user_05595,2025-02-23,474
user_07168,2025-04-01,437
user_09700,2025-11-14,210
user_05133,2025-11-15,209
user_04049,2025-12-10,184
user_02453,2025-11-27,197
user_06162,2025-09-25,260
user_01829,2025-12-14,180
user_08967,2025-10-11,244
user_09913,2025-12-09,185
user_06701,2025-08-31,285
user_00630,2025-10-16,239
user_09497,2025-04-02,436
user_07213,2025-10-18,237
user_02360,2025-11-23,201
user_07068,2025-12-15,179
user_07283,2025-12-21,173
user_04006,2025-02-15,482
user_00542,2025-07-21,326
user_07384,2025-12-16,178
user_02807,2025-12-09,185
user_07588,2025-12-04,190
user_04003,2025-10-09,246
user_02949,2025-10-28,227
user_05191,2025-08-04,312
user_08845,2025-11-22,202
user_04181,2025-12-12,182
user_09046,2025-10-12,243
user_08854,2025-12-01,193
user_02752,2025-10-20,235
user_04638,2025-12-24,170
user_02155,2025-11-29,195
user_09021,2025-12-02,192
user_08299,2025-11-20,204
user_06338,2025-10-19,236
user_02272,2025-12-28,166
user_05228,2025-09-24,261
user_04664,2025-12-09,185
user_08495,2025-10-06,249
user_00242,2025-09-27,258
user_07207,2025-11-06,218
user_07381,2025-11-25,199
user_02669,2025-12-23,171
user_09896,2025-10-11,244
user_09535,2025-09-28,257
user_01630,2025-12-24,170
user_02526,2025-12-11,183
user_09374,2025-12-23,171
user_06985,2025-12-02,192
user_07223,2025-10-28,227
user_06672,2025-08-05,311
user_05081,2025-09-08,277
user_01707,2025-11-12,212
user_00814,2025-07-04,343
user_02994,2025-09-18,267
user_06957,2025-06-04,373
user_02888,2025-04-20,418
user_09458,2025-11-26,198
user_00307,2025-06-24,353
user_01262,2025-07-05,342
user_06198,2025-10-04,251
user_06140,2025-10-15,240
user_05604,2025-11-02,222
user_09598,2025-09-05,280
user_06282,2025-11-22,202
user_06424,2025-11-15,209
user_04523,2025-10-20,235
user_09732,2025-09-26,259
user_03443,2025-12-17,177
user_06013,2025-12-07,187
user_08738,2025-08-24,292
user_00614,2025-10-21,234
user_04625,2025-10-19,236
user_06882,2025-09-21,264
user_06910,2025-11-12,212
user_08573,2025-12-25,169
user_02878,2025-11-23,201
user_09384,2025-12-13,181
user_05503,2025-09-07,278
user_05554,2025-08-05,311
user_05879,2025-12-25,169
user_08437,2025-12-30,164
user_09309,2025-09-27,258
user_00543,2025-09-15,270
user_00163,2025-11-22,202
user_03083,2025-12-24,170
user_01329,2025-12-04,190
user_02557,2025-03-08,461
user_06266,2025-12-28,166
user_05983,2025-10-19,236
user_00575,2025-10-23,232
user_02077,2025-10-17,238
user_06036,2025-12-12,182
user_06176,2025-08-10,306
user_05322,2025-08-07,309
user_05897,2025-11-15,209
user_01168,2025-11-12,212
user_07596,2025-10-01,254
user_03811,2025-08-26,290
user_09392,2025-10-24,231
user_02125,2025-12-25,169
user_03995,2025-11-21,203
user_09171,2025-12-20,174
user_03039,2025-01-20,508
user_06739,2025-08-04,312
user_06573,2025-11-25,199
user_02138,2025-08-28,288
user_01033,2025-12-23,171
user_01791,2025-11-22,202
user_06493,2025-12-04,190
user_05371,2025-11-18,206
user_04388,2025-12-29,165
user_08288,2025-11-28,196
user_01005,2025-10-10,245
user_09826,2025-11-13,211
user_07354,2025-12-22,172
user_05352,2025-12-19,175
user_04886,2025-11-26,198
user_07732,2025-10-13,242
user_09231,2025-12-19,175
user_08167,2025-12-01,193
user_01106,2025-10-24,231
user_05928,2025-07-14,333
user_01193,2025-12-07,187
user_05418,2025-11-23,201
user_07156,2025-08-24,292
user_08331,2025-11-25,199
user_09796,2025-10-20,235
user_00131,2025-10-10,245
user_02072,2025-10-11,244
user_09258,2025-12-24,170
user_00778,2025-11-12,212
user_01309,2025-11-13,211
user_00455,2025-09-26,259
user_02615,2025-12-16,178
user_08112,2025-11-12,212
user_05793,2025-07-19,328
user_01201,2025-10-26,229
user_08578,2025-12-17,177
user_02221,2025-09-24,261
user_09927,2025-11-28,196
user_05200,2025-10-24,231
user_00971,2025-09-23,262
user_00377,2025-11-01,223
user_06429,2025-11-30,194
user_04238,2025-12-02,192
user_00288,2025-10-23,232
user_08054,2025-09-22,263
user_04125,2025-10-13,242
user_00649,2025-12-09,185
user_04972,2025-12-28,166
user_06420,2025-01-19,509
user_06570,2025-08-09,307
user_04911,2025-05-06,402
user_04790,2025-11-25,199
user_08328,2025-12-10,184
user_08150,2025-11-25,199
user_03458,2025-09-12,273
user_03046,2025-12-11,183
user_08098,2025-12-24,170
user_01093,2025-12-28,166
user_09174,2025-12-02,192
user_02396,2025-10-29,226
user_03825,2025-09-21,264
user_02611,2025-12-02,192
user_01451,2025-12-31,163
user_02681,2025-11-07,217
user_04124,2025-12-25,169
user_03894,2025-10-20,235
user_09332,2025-12-31,163
user_03031,2025-07-13,334
user_06854,2025-09-27,258
user_02484,2025-11-21,203
user_08393,2025-12-04,190
user_04814,2025-09-07,278
user_09237,2025-12-11,183
user_05642,2025-12-06,188
user_09701,2025-12-24,170
user_03795,2025-11-17,207
user_00988,2025-12-10,184
user_08628,2025-12-26,168
user_07304,2025-05-13,395
user_06780,2025-08-15,301
user_00945,2025-08-14,302
user_01909,2025-12-26,168
user_09593,2025-07-11,336
user_00387,2025-12-27,167
user_07382,2025-11-20,204
user_00908,2025-12-06,188
user_04398,2025-09-22,263
user_00220,2025-12-24,170
user_02140,2025-12-09,185
user_08309,2025-12-08,186
user_02033,2025-11-02,222
user_09260,2025-09-14,271
user_04687,2025-10-29,226
user_07916,2025-11-20,204
user_00880,2025-12-17,177
user_06444,2025-12-19,175
user_01144,2025-10-24,231
user_09019,2025-10-26,229
user_07433,2025-12-27,167
user_05493,2025-11-05,219
user_02388,2025-12-29,165
user_08786,2025-08-10,306
user_01594,2025-12-29,165
user_03684,2025-07-07,340
user_09462,2025-10-26,229
user_01717,2025-11-26,198
user_06891,2025-09-20,265
user_09079,2025-11-12,212
user_04594,2025-11-14,210
user_01162,2025-11-21,203
user_07437,2025-09-30,255
user_06648,2025-12-27,167
user_08905,2025-11-07,217
user_08422,2025-08-14,302
user_01108,2025-11-01,223
user_09077,2025-12-10,184
user_09725,2025-12-14,180
user_07010,2025-11-18,206
user_00330,2025-12-17,177
user_03510,2025-11-28,196
user_02613,2025-08-23,293
user_07555,2025-12-18,176
user_06962,2025-10-06,249
user_03736,2025-12-14,180
user_01388,2025-11-11,213
user_09488,2025-12-19,175
user_03131,2025-07-20,327
user_03621,2025-10-23,232
user_01692,2025-12-17,177
user_03053,2025-09-07,278
user_09771,2025-10-03,252
user_01605,2025-12-07,187
user_02011,2025-08-23,293
user_05110,2025-12-04,190
user_00532,2025-08-13,303
user_03317,2025-10-03,252
user_05941,2025-07-10,337
user_09463,2025-06-10,367
user_04588,2025-11-13,211
user_05102,2025-12-05,189
user_01846,2025-08-26,290
user_04883,2025-08-29,287
user_09558,2025-12-08,186
user_08996,2025-11-17,207
user_09147,2025-11-06,218
user_03422,2025-11-03,221
user_08895,2025-11-11,213
user_03497,2025-09-09,276
user_05286,2025-12-07,187
user_06606,2025-11-01,223
user_04002,2025-12-13,181
user_08639,2025-11-11,213
user_02580,2025-09-07,278
user_04988,2025-11-01,223
user_08291,2025-12-28,166
user_04725,2025-09-28,257
user_02377,2025-10-02,253
user_06397,2025-11-24,200
user_07184,2025-05-29,379
user_06912,2025-09-05,280
user_01760,2025-11-05,219
user_01750,2025-10-15,240
user_06622,2025-09-23,262
user_02430,2025-12-27,167
user_06293,2025-11-05,219
user_03986,2025-04-11,427
user_09910,2025-11-05,219
user_05369,2025-09-04,281
user_09290,2025-06-14,363
user_05344,2025-09-03,282
user_01563,2025-07-16,331
user_01140,2025-12-12,182
user_05929,2025-09-15,270
user_02931,2025-11-20,204
user_02398,2025-03-30,439
user_02097,2025-12-28,166
user_04399,2025-10-24,231
user_09835,2025-08-17,299
user_05091,2025-10-04,251
user_08192,2025-10-03,252
user_01145,2025-10-23,232
user_05930,2025-12-28,166
user_01117,2025-12-10,184
user_04954,2025-09-24,261
user_06193,2025-06-12,365
user_09582,2025-12-21,173
user_06475,2025-11-15,209
user_04596,2025-10-04,251
user_09712,2025-11-05,219
user_07825,2025-11-14,210
user_01929,2025-10-11,244
user_02842,2025-10-27,228
user_08023,2025-12-22,172
user_03272,2025-07-02,345
user_06883,2025-07-30,317
user_04637,2025-12-27,167
user_08077,2025-12-21,173
user_03185,2025-12-04,190
user_01682,2025-12-07,187
user_07623,2025-12-28,166
user_09650,2025-10-23,232
user_04719,2025-11-27,197
user_06899,2025-12-26,168
user_03963,2025-07-04,343
user_03173,2025-12-18,176
user_07259,2025-12-23,171
user_05124,2025-10-19,236
user_02070,2025-12-01,193
user_04880,2025-05-26,382
user_06104,2025-12-29,165
user_03139,2025-12-29,165
user_03590,2025-11-18,206
user_08702,2025-11-24,200
user_03079,2025-09-20,265
user_02456,2025-12-04,190
user_02030,2025-11-06,218
user_01601,2025-11-28,196
user_06360,2025-11-06,218
user_02358,2025-12-12,182
user_08982,2025-12-17,177
user_05069,2025-08-03,313
user_09416,2025-12-30,164
user_05589,2025-12-19,175
user_02876,2025-12-16,178
user_06790,2025-11-18,206
user_05050,2025-12-01,193
user_07648,2025-12-03,191
user_03092,2025-12-09,185
user_05839,2025-12-10,184
user_01916,2025-12-21,173
user_03780,2025-09-22,263
user_03299,2025-05-30,378
user_09301,2025-11-27,197
user_01827,2025-11-22,202
user_02680,2025-12-01,193
user_07290,2025-12-03,191
user_07053,2024-12-06,553
user_03671,2025-03-16,453
user_01405,2025-11-29,195
user_03133,2025-10-14,241
user_04761,2025-12-24,170
user_02487,2025-11-01,223
user_06453,2025-12-17,177
user_02981,2025-12-18,176
user_07587,2025-05-24,384
user_02987,2025-05-22,386
user_09308,2025-08-25,291
user_09876,2025-11-12,212
user_09783,2025-11-13,211
user_06290,2025-11-19,205
user_05546,2025-11-24,200
user_03885,2025-10-15,240
user_00839,2025-12-15,179
user_03322,2025-05-07,401
user_02656,2025-12-15,179
user_05527,2025-07-19,328
user_09367,2025-12-13,181
user_07791,2025-12-16,178
user_03432,2024-08-31,650
user_08187,2025-12-19,175
user_00658,2025-06-14,363
user_09880,2025-12-29,165
user_01527,2025-12-08,186
user_05319,2025-12-19,175
user_02381,2025-12-31,163
user_01500,2025-12-14,180
user_01611,2025-11-23,201
user_07247,2025-12-31,163
user_02954,2025-12-27,167
user_04743,2025-11-21,203
user_03144,2025-08-23,293
user_09052,2025-10-30,225
user_09240,2025-11-05,219
user_06061,2025-10-14,241
user_01822,2025-11-09,215
user_09070,2025-12-30,164
user_07819,2025-10-02,253
user_08243,2025-12-03,191
user_02211,2025-12-23,171
user_04429,2025-04-25,413
user_02832,2025-12-07,187
user_00459,2025-05-27,381
user_02459,2025-10-31,224
user_03951,2025-12-14,180
user_07631,2025-12-03,191
user_04765,2025-07-15,332
user_08552,2025-12-20,174
user_04660,2025-10-10,245
user_01620,2025-08-20,296
user_09344,2025-07-15,332
user_01171,2025-07-20,327
user_04884,2025-12-03,191
user_05767,2025-04-18,420
user_00419,2025-09-20,265
user_04629,2025-09-30,255
user_02532,2025-11-21,203
user_04801,2025-11-20,204
user_06652,2025-10-18,237
user_04344,2025-11-11,213
user_06728,2025-12-16,178
user_08756,2025-08-12,304
user_01381,2025-12-22,172
user_09827,2025-11-24,200
user_01183,2025-12-31,163
user_02801,2025-08-23,293
user_06016,2025-07-18,329
user_00580,2025-04-10,428
user_00790,2025-08-07,309
user_05316,2025-10-27,228
user_06778,2025-10-07,248
user_03760,2025-12-10,184
user_08844,2025-01-07,521
user_05477,2025-10-31,224
user_05611,2025-12-23,171
user_01020,2025-11-15,209
user_08246,2025-09-08,277
user_03289,2025-09-27,258
user_03529,2025-10-23,232
user_03534,2025-12-31,163
user_07895,2025-09-26,259
user_08277,2025-08-15,301
user_07924,2025-11-19,205
user_09781,2025-12-26,168
user_05028,2025-11-26,198
user_04536,2025-06-24,353
user_09984,2025-08-08,308
user_05478,2025-11-18,206
user_04559,2025-12-30,164
user_09396,2025-12-23,171
user_06314,2025-12-07,187
user_00178,2025-12-25,169
user_04680,2025-05-05,403
user_04236,2025-12-17,177
user_03962,2025-11-26,198
user_05754,2025-12-30,164
user_04412,2025-12-10,184
user_01844,2025-12-26,168
user_04953,2024-12-30,529
user_01735,2025-12-11,183
user_00341,2025-11-25,199
user_01240,2025-06-11,366
user_02524,2025-11-05,219
user_04563,2025-11-17,207
user_02909,2025-11-20,204
user_05343,2025-12-29,165
user_03920,2025-04-03,435
user_04643,2025-10-16,239
user_00641,2025-12-19,175
user_08515,2025-12-21,173
user_08199,2025-12-10,184
user_03765,2025-06-27,350
user_06593,2025-12-28,166
user_05962,2025-11-02,222
user_08801,2025-11-01,223
user_03695,2025-12-30,164
user_02513,2025-10-24,231
user_08692,2025-09-19,266
user_06482,2025-12-30,164
user_01051,2025-11-12,212
user_03146,2025-12-05,189
user_09515,2025-04-16,422
user_07443,2025-11-25,199
user_05603,2025-12-23,171
user_04066,2025-12-11,183
user_03258,2025-10-17,238
user_07504,2025-09-15,270
user_09793,2025-12-31,163
user_01581,2025-03-06,463
user_00752,2025-12-17,177
user_09400,2025-11-18,206
user_07143,2025-08-14,302
user_02831,2025-09-16,269
user_07583,2025-06-22,355
user_08308,2025-08-15,301
user_03298,2025-08-25,291
user_03645,2025-11-24,200
user_05098,2025-11-29,195
user_03233,2025-12-08,186
user_05476,2025-11-29,195
user_06192,2025-10-25,230
user_07690,2025-10-29,226
user_05374,2025-01-29,499
user_06325,2025-10-31,224
user_00938,2025-11-02,222
user_08378,2025-11-24,200
user_04013,2025-12-15,179
user_02482,2025-05-02,406
user_01296,2025-11-07,217
user_09074,2025-12-31,163
user_09583,2025-10-21,234
user_00146,2025-06-07,370
user_07930,2025-09-14,271
user_06660,2025-11-12,212
user_03438,2025-12-16,178
user_02495,2025-10-13,242
user_01211,2025-10-28,227
user_02776,2025-12-28,166
user_03712,2024-12-24,535
user_06750,2025-10-30,225
user_03862,2025-10-22,233
user_02825,2025-10-11,244
user_02041,2025-04-30,408
user_05701,2025-12-27,167
user_05060,2025-12-11,183
user_03942,2025-12-23,171
user_06299,2025-11-01,223
user_09975,2025-12-25,169
user_00648,2025-11-14,210
user_03066,2025-11-24,200
user_02229,2025-11-17,207
user_06611,2025-10-29,226
user_00095,2025-09-10,275
user_03826,2025-12-20,174
user_05882,2025-10-29,226
user_08650,2025-10-15,240
user_08236,2025-12-06,188
user_00659,2025-09-07,278
user_09093,2025-07-26,321
user_09589,2025-05-18,390
user_06256,2025-11-08,216
user_07377,2025-07-24,323
user_07926,2025-07-16,331
user_09636,2025-12-09,185
user_02362,2025-12-28,166
user_06950,2025-12-18,176
user_03041,2024-07-09,703
user_02131,2025-12-20,174
user_06458,2025-06-02,375
user_07619,2025-08-23,293
user_04448,2025-12-05,189
user_05285,2025-12-12,182
user_04104,2025-04-02,436
user_09429,2025-12-09,185
user_05817,2025-10-05,250
user_02334,2025-12-18,176
user_00080,2025-12-05,189
user_04843,2025-11-16,208
user_02226,2025-12-18,176
user_00010,2025-11-18,206
user_00767,2025-12-19,175
user_00391,2025-12-17,177
user_00856,2025-09-08,277
user_09568,2025-12-23,171
user_00243,2025-12-22,172
user_01543,2025-12-25,169
user_06313,2025-11-16,208
user_04866,2025-11-27,197
user_07833,2025-07-20,327
user_07804,2025-12-12,182
user_09063,2025-08-04,312
user_07256,2025-07-31,316
user_00755,2025-12-04,190
user_09561,2025-12-29,165
user_06110,2025-09-13,272
user_08599,2025-09-21,264
user_08974,2025-12-31,163
user_02688,2025-04-18,420
user_05165,2025-09-14,271
user_01181,2025-12-08,186
user_07012,2025-06-12,365
user_04995,2025-10-14,241
user_04923,2025-11-16,208
user_07701,2025-11-22,202
user_04498,2025-08-17,299
user_04244,2025-09-02,283
user_07840,2025-07-03,344
user_00910,2025-10-27,228
user_05532,2025-08-19,297
user_07333,2025-11-23,201
user_05231,2025-10-18,237
user_07019,2025-12-18,176
user_05826,2025-12-18,176
user_08856,2025-07-15,332
user_06326,2025-11-07,217
user_05499,2025-09-15,270
user_04804,2025-12-12,182
user_05367,2025-12-20,174
user_01361,2025-12-16,178
user_02639,2025-11-26,198
user_07119,2025-12-17,177
user_03404,2025-08-03,313
user_03596,2025-12-28,166
user_03269,2025-09-16,269
user_06071,2025-12-15,179
user_04735,2025-11-05,219
user_04304,2025-12-21,173
user_06057,2025-10-11,244
user_08205,2025-11-25,199
user_02662,2025-11-07,217
user_04572,2025-11-22,202
user_05011,2025-11-19,205
user_07438,2025-12-08,186
user_03346,2025-12-28,166
user_01469,2025-10-02,253
user_09838,2025-05-10,398
user_02906,2025-10-21,234
user_03407,2025-12-19,175
user_02815,2025-10-24,231
user_09013,2025-07-11,336
user_05145,2025-07-21,326
user_07493,2025-04-03,435
user_06396,2025-08-31,285
user_04607,2025-12-13,181
user_05674,2025-11-13,211
user_04452,2025-10-05,250
user_04836,2025-12-06,188
user_04613,2025-12-20,174
user_08857,2025-12-22,172
user_09318,2025-12-07,187
user_09619,2025-12-19,175
user_05598,2025-11-30,194
user_07155,2025-10-25,230
user_08398,2025-12-04,190
user_09870,2025-07-11,336
user_05087,2025-11-14,210
user_01241,2025-11-20,204
user_00152,2025-06-29,348
user_04641,2025-11-24,200
user_05914,2025-08-18,298
user_03237,2025-06-19,358
user_00334,2025-12-18,176
user_05868,2025-12-15,179
user_02106,2025-12-10,184
user_00291,2025-12-30,164
user_03367,2025-12-29,165
user_07882,2025-10-04,251
user_06817,2025-12-20,174
user_09932,2025-06-04,373
user_06649,2025-10-27,228
user_02796,2025-09-23,262
user_01859,2025-12-21,173
user_09908,2025-12-25,169
user_04977,2025-12-11,183
user_08265,2025-11-04,220
user_03720,2025-12-06,188
user_09800,2025-11-29,195
user_07254,2025-12-05,189
user_00869,2025-01-15,513
user_06832,2025-11-13,211
user_05727,2025-12-23,171
user_06682,2025-12-24,170
user_07390,2025-05-20,388
user_05586,2025-11-09,215
user_01023,2025-08-23,293
user_06168,2025-12-31,163
user_07943,2025-10-12,243
user_02844,2025-09-12,273
user_02696,2025-11-09,215
user_04205,2025-05-31,377
user_07065,2025-12-31,163
user_00207,2025-11-19,205
user_06986,2025-12-29,165
user_06757,2025-09-26,259
user_03877,2025-07-06,341
user_02093,2025-12-05,189
user_03234,2025-08-15,301
user_07505,2025-11-16,208
user_07355,2025-07-26,321
user_01349,2025-12-14,180
user_05152,2025-11-06,218
user_07651,2025-11-13,211
user_06388,2025-03-27,442
user_05414,2025-12-18,176
user_06847,2025-08-07,309
user_08797,2025-12-29,165
user_04472,2025-08-29,287
user_07929,2025-10-28,227
user_01915,2025-09-08,277
user_03612,2025-12-12,182
user_02899,2025-09-01,284
user_02208,2025-10-06,249
user_08829,2025-11-27,197
user_01170,2025-07-21,326
user_02333,2025-10-20,235
user_05106,2025-12-19,175
user_00555,2025-11-07,217
user_05945,2025-07-09,338
user_05241,2025-06-15,362
user_02003,2025-11-20,204
user_01046,2025-09-11,274
user_08153,2025-12-17,177
user_07694,2025-11-06,218
user_01365,2025-10-25,230
user_06201,2025-12-28,166
user_01614,2025-09-04,281
user_06148,2025-08-09,307
user_06438,2025-12-24,170
user_04356,2025-11-15,209
user_00392,2025-07-31,316
user_06069,2025-12-24,170
user_02713,2025-08-23,293
user_02911,2025-11-21,203
user_04191,2025-12-31,163
user_09822,2025-11-09,215
user_04046,2025-10-13,242
user_02707,2025-11-24,200
user_06904,2025-12-29,165
user_05698,2025-11-20,204
user_07313,2025-12-31,163
user_03946,2025-12-04,190
user_07110,2025-09-21,264
user_09766,2025-12-06,188
user_02678,2025-10-07,248
user_00668,2025-12-27,167
user_00647,2025-06-23,354
user_03728,2025-10-15,240
user_01474,2025-12-18,176
user_01421,2025-12-15,179
user_03232,2025-09-08,277
user_09953,2025-11-02,222
user_01007,2025-10-02,253
user_06297,2025-08-08,308
user_09891,2025-11-30,194
user_09919,2025-10-26,229
user_07719,2025-10-29,226
user_04994,2025-12-15,179
user_09466,2025-12-30,164
user_00422,2025-07-14,333
user_06021,2025-12-19,175
user_02767,2025-12-29,165
user_07398,2025-12-31,163
user_09696,2025-08-17,299
user_08525,2025-12-07,187
user_00828,2025-12-02,192
user_08018,2025-10-26,229
user_01700,2025-12-31,163
user_05490,2025-12-18,176
user_02480,2025-12-22,172
user_01904,2025-11-06,218
user_02124,2025-08-15,301
user_03884,2025-12-13,181
user_02995,2025-12-02,192
user_09464,2025-12-16,178
user_06557,2025-11-07,217
user_02078,2025-09-19,266
user_03967,2025-09-03,282
user_09380,2025-06-25,352
user_01907,2025-10-12,243
user_05834,2025-03-17,452
user_03990,2025-11-30,194
user_01766,2025-10-15,240
user_01975,2025-11-30,194
user_07962,2025-12-21,173
user_08775,2025-12-22,172
user_04229,2025-08-20,296
user_05412,2025-09-05,280
user_05320,2025-10-08,247
user_03483,2025-10-15,240
user_08509,2025-11-02,222
user_00313,2025-10-13,242
user_08512,2025-10-30,225
user_06145,2025-09-12,273
user_08281,2025-11-06,218
user_05238,2025-11-01,223
user_08840,2025-12-05,189
user_09037,2025-12-11,183
user_02716,2025-12-31,163
user_02417,2025-12-18,176
user_09745,2025-11-07,217
user_02163,2025-09-19,266
user_03597,2025-12-26,168
user_08634,2025-12-09,185
user_05309,2025-11-14,210
user_03609,2025-12-14,180
user_01853,2025-09-25,260
user_07353,2025-11-06,218
user_03318,2025-12-25,169
user_04325,2025-12-09,185
user_08171,2025-02-24,473
user_00992,2025-12-28,166
user_04685,2025-02-22,475
user_08603,2025-04-13,425
user_04390,2025-09-11,274
user_08039,2025-09-19,266
user_09649,2025-10-21,234
user_05222,2025-12-31,163
user_07271,2025-11-13,211
user_01689,2025-12-12,182
user_08538,2025-10-24,231
user_05300,2025-10-26,229
user_07573,2025-12-12,182
user_09128,2025-12-13,181
user_00934,2025-07-11,336
user_03949,2025-08-26,290
user_01200,2024-07-19,693
user_09934,2025-12-22,172
user_06234,2025-10-26,229
user_09714,2025-10-03,252
user_05997,2025-12-12,182
user_00822,2025-12-03,191
user_05708,2025-09-20,265
user_05891,2025-12-30,164
user_06494,2025-10-24,231
user_05703,2025-11-29,195
user_00565,2025-10-17,238
user_01633,2025-09-20,265
user_08600,2025-11-09,215
user_09068,2025-10-16,239
user_01131,2025-12-25,169
user_09502,2025-11-06,218
user_03110,2025-10-20,235
user_03218,2025-12-22,172
user_03779,2025-12-24,170
user_09505,2025-12-05,189
user_06911,2025-12-29,165
user_05682,2025-12-05,189
user_03203,2025-09-09,276
user_04898,2025-11-19,205
user_04502,2025-10-13,242
user_07909,2025-07-19,328
user_08304,2025-08-29,287
user_01925,2025-12-16,178
user_08760,2025-12-29,165
user_01245,2025-12-22,172
user_05488,2025-11-09,215
user_07386,2025-12-31,163
user_07620,2025-09-25,260
user_07458,2025-12-23,171
user_06454,2025-12-05,189
user_03491,2025-12-29,165
user_07099,2025-10-30,225
user_06101,2025-12-31,163
user_00754,2024-09-27,623
user_00064,2025-12-17,177
user_04787,2025-11-01,223
user_08479,2025-12-19,175
user_03029,2025-10-21,234
user_00519,2025-12-05,189
user_06931,2025-10-11,244
user_06893,2025-11-19,205
user_04409,2025-12-20,174
user_07783,2025-12-13,181
user_07148,2025-12-17,177
user_00018,2025-10-31,224
user_06691,2025-10-16,239
user_08794,2025-10-29,226
user_03249,2025-12-06,188
user_03959,2025-12-22,172
user_02717,2025-12-15,179
user_09228,2025-12-24,170
user_07698,2025-10-29,226
user_08216,2025-10-30,225
user_07799,2025-06-20,357
user_01061,2025-01-01,527
user_05917,2025-10-03,252
user_01534,2025-12-24,170
user_00523,2025-12-08,186
user_02293,2025-12-09,185
user_03793,2025-12-31,163
user_00782,2025-12-16,178
user_07590,2025-11-12,212
user_03371,2025-12-04,190
user_04351,2025-12-07,187
user_05129,2025-10-02,253
user_04258,2025-12-14,180
user_09492,2025-12-04,190
user_04486,2025-12-29,165
user_02700,2025-12-31,163
user_03983,2025-10-28,227
user_02500,2025-12-09,185
user_08557,2025-12-11,183
user_02102,2025-12-28,166
user_08111,2025-10-29,226
user_06335,2025-12-19,175
user_07678,2025-07-30,317
user_00197,2025-12-25,169
user_04286,2025-11-23,201
user_01837,2025-12-20,174
user_04263,2025-11-25,199
user_04319,2025-12-31,163
user_04540,2025-10-27,228
user_01991,2025-10-29,226
user_05267,2025-12-08,186
user_07444,2025-09-11,274
user_03570,2025-06-06,371
user_00593,2025-11-18,206
user_04619,2025-09-16,269
user_09775,2025-12-31,163
user_01202,2025-12-30,164
user_09314,2025-12-03,191
user_09801,2025-12-10,184
user_00887,2025-12-24,170
user_01650,2025-10-20,235
user_04598,2025-11-26,198
user_06052,2025-12-25,169
user_04167,2025-09-05,280
user_04101,2025-12-22,172
user_01910,2025-12-21,173
user_05049,2025-10-02,253
user_02195,2025-12-23,171
user_03448,2025-09-08,277
user_05580,2025-06-19,358
user_04089,2025-08-06,310
user_09366,2025-10-26,229
user_05409,2025-12-05,189
user_08446,2025-09-23,262
user_00113,2025-09-16,269
user_08101,2025-11-12,212
user_06894,2025-12-10,184
user_06923,2025-08-17,299
user_00237,2025-11-28,196
user_04091,2025-10-16,239
user_02483,2025-11-09,215
user_05847,2025-12-04,190
user_02256,2025-10-14,241
user_02181,2025-10-22,233
user_07357,2025-09-06,279
user_06301,2025-08-24,292
user_08949,2025-09-10,275
user_04484,2025-07-22,325
user_06555,2025-09-23,262
user_02966,2025-11-13,211
user_05360,2025-12-24,170
user_05057,2025-11-27,197
user_01743,2025-08-14,302
user_08928,2025-02-06,491
user_09311,2025-12-10,184
user_06395,2025-08-25,291
user_07262,2025-10-25,230
user_08300,2025-08-17,299
user_00325,2025-12-24,170
user_01334,2025-09-10,275
user_08100,2025-10-21,234
user_03427,2025-06-22,355
user_09972,2025-10-12,243
user_00522,2025-08-20,296
user_06000,2025-08-10,306
user_05697,2025-12-24,170
user_05284,2025-12-23,171
user_03430,2025-11-10,214
user_01768,2025-12-03,191
user_08930,2025-12-07,187
user_09361,2025-02-11,486
user_03149,2025-11-13,211
user_08613,2025-12-04,190
user_01110,2025-10-30,225
user_07891,2025-12-16,178
user_07144,2025-12-30,164
user_03855,2025-12-13,181
user_03603,2025-12-10,184
user_01465,2025-12-06,188
user_08369,2025-10-20,235
user_03227,2025-12-30,164
user_08400,2025-11-24,200
user_05345,2025-12-15,179
user_08833,2025-10-25,230
user_00105,2025-12-23,171
user_05250,2025-04-28,410
user_01096,2025-08-20,296
user_01362,2025-12-26,168
user_08043,2025-06-28,349
user_09999,2025-09-11,274
user_07182,2025-11-30,194
user_00920,2025-11-23,201
user_02946,2025-12-30,164
user_00806,2025-12-11,183
user_05549,2025-12-27,167
user_08343,2025-12-26,168
user_08697,2025-08-14,302
user_07275,2025-06-29,348
user_09659,2025-11-01,223
user_06792,2025-10-29,226
user_01788,2025-10-31,224
user_03872,2025-11-21,203
user_06866,2025-12-11,183
user_06233,2025-06-30,347
user_08934,2025-12-27,167
user_01456,2025-12-30,164
user_02118,2025-10-18,237
user_04381,2025-11-26,198
user_02934,2025-12-31,163
user_08561,2025-05-14,394
user_02670,2025-12-30,164
user_06928,2025-08-30,286
user_04957,2025-08-17,299
user_05432,2025-12-15,179
user_07922,2025-12-09,185
user_01599,2025-08-20,296
user_05321,2025-12-20,174
user_06991,2025-12-28,166
user_06553,2025-11-30,194
user_07522,2025-11-06,218
user_09402,2025-12-23,171
user_03627,2025-09-08,277
user_03749,2025-12-28,166
user_09946,2025-12-02,192
user_04379,2025-08-29,287
user_07057,2025-08-05,311
user_04355,2025-12-21,173
user_01738,2025-05-18,390
user_02705,2025-11-02,222
user_01987,2025-05-02,406
user_00333,2025-12-24,170
user_02904,2025-11-04,220
user_07389,2025-12-22,172
user_00106,2025-07-13,334
user_03270,2025-10-20,235
user_09441,2025-12-02,192
user_03715,2025-12-19,175
user_03650,2025-07-28,319
user_09354,2025-09-04,281
user_00955,2025-12-28,166
user_03545,2025-11-06,218
user_00602,2025-11-27,197
user_02001,2025-11-28,196
user_07486,2025-08-14,302
user_09963,2025-10-20,235
user_09966,2025-11-26,198
user_09606,2025-02-16,481
user_05235,2025-07-01,346
user_05100,2025-10-23,232
user_09218,2024-12-28,531
user_06643,2025-10-03,252
user_04907,2025-09-27,258
user_02317,2025-08-16,300
user_05259,2025-12-20,174
user_08276,2025-12-05,189
user_07721,2025-12-12,182
user_05730,2025-12-26,168
user_08714,2025-10-20,235
user_07496,2025-10-18,237
user_00091,2025-10-21,234
user_05659,2025-10-07,248
user_07709,2025-12-06,188
user_07938,2025-08-22,294
user_04524,2025-11-20,204
user_07871,2025-11-16,208
user_08623,2025-10-31,224
user_09720,2025-10-30,225
user_02748,2025-11-12,212
user_05354,2025-07-03,344
user_02967,2025-09-09,276
user_03224,2025-09-03,282
user_02534,2025-09-18,267
user_02369,2025-11-25,199
user_09041,2025-11-11,213
user_02865,2025-06-12,365
user_06746,2025-11-07,217
user_01493,2025-11-17,207
user_07688,2025-12-21,173
user_07866,2025-12-15,179
user_07640,2025-10-13,242
user_04520,2025-10-20,235
user_03601,2025-12-22,172
user_04380,2025-11-26,198
user_04139,2025-08-01,315
user_04371,2025-12-09,185
user_08939,2025-10-24,231
user_03104,2025-11-01,223
user_07430,2025-11-03,221
user_09631,2025-12-27,167
user_04023,2025-12-21,173
user_05483,2025-11-13,211
user_07228,2025-08-29,287
user_01798,2025-12-27,167
user_01408,2025-06-30,347
user_09036,2025-12-12,182
user_06248,2025-11-25,199
user_05707,2025-03-05,464
user_01417,2025-04-27,411
user_00399,2025-11-17,207
user_00780,2025-12-11,183
user_06584,2025-12-24,170
user_08075,2025-01-14,514
user_01014,2025-12-31,163
user_01069,2025-08-03,313
user_09950,2025-11-08,216
user_05450,2025-12-12,182
user_04318,2025-12-27,167
user_06735,2025-09-02,283
user_04732,2025-08-15,301
user_02316,2025-10-07,248
user_04239,2025-10-15,240
user_09510,2025-12-29,165
user_01099,2025-12-26,168
user_07708,2025-10-24,231
user_03402,2025-12-20,174
user_01326,2025-12-25,169
user_05721,2025-12-23,171
user_06575,2025-12-20,174
user_07803,2025-08-22,294
user_00977,2025-10-30,225
user_02201,2025-07-26,321
user_03063,2025-12-07,187
user_09821,2025-09-07,278
user_07066,2025-02-21,476
user_08370,2025-11-14,210
user_05905,2025-12-30,164
user_09181,2025-12-07,187
user_03999,2025-12-09,185
user_09813,2025-12-20,174
user_00168,2025-12-10,184
user_07276,2025-08-23,293
user_05246,2025-11-08,216
user_05370,2025-12-13,181
user_07242,2025-11-27,197
user_04421,2025-10-31,224
user_08946,2025-10-25,230
user_03375,2025-08-15,301
user_08162,2025-10-06,249
user_01141,2025-12-09,185
user_02527,2025-11-21,203
user_09014,2025-12-28,166
user_05366,2025-11-23,201
user_01998,2025-12-24,170
user_03857,2025-12-13,181
user_07874,2025-12-13,181
user_04063,2025-12-22,172
user_00356,2025-09-02,283
user_04237,2025-09-09,276
user_07411,2025-11-16,208
user_00013,2025-12-08,186
user_05738,2025-12-20,174
user_00497,2025-12-15,179
user_04392,2025-11-27,197
user_02851,2025-12-12,182
user_05745,2025-11-22,202
user_06089,2025-11-20,204
user_03769,2025-10-10,245
user_02598,2025-12-28,166
user_04960,2025-05-14,394
user_09925,2025-06-08,369
user_02835,2025-06-04,373
user_08180,2025-11-05,219
user_04915,2025-12-17,177
user_02447,2025-11-05,219
user_03479,2025-11-06,218
user_09099,2025-07-10,337
user_06078,2024-05-08,765
user_06054,2025-10-18,237
user_09517,2025-10-19,236
user_06012,2025-12-03,191
user_04165,2025-12-25,169
user_07360,2025-02-05,492
user_01891,2025-11-27,197
user_06228,2025-12-23,171
user_04447,2025-11-05,219
user_01839,2025-10-29,226
user_00194,2025-11-14,210
user_06945,2025-10-12,243
user_02784,2025-05-02,406
user_01165,2025-11-18,206
user_03222,2025-11-13,211
user_03241,2025-12-06,188
user_08563,2025-09-01,284
user_05443,2025-10-17,238
user_09886,2025-09-14,271
user_09786,2025-12-01,193
user_08440,2025-08-31,285
user_03547,2025-12-28,166
user_01923,2025-11-05,219
user_07062,2025-12-13,181
user_05059,2025-05-04,404
user_00474,2025-12-07,187
user_03988,2025-01-20,508
user_08251,2025-10-21,234
user_01885,2025-10-14,241
user_03837,2025-12-19,175
user_01216,2025-10-20,235
user_04441,2025-08-24,292
user_03059,2025-10-25,230
user_09562,2025-11-09,215
user_09165,2025-09-29,256
user_01404,2025-12-14,180
user_00870,2025-12-20,174
user_02552,2025-12-26,168
user_07075,2025-12-12,182
user_09262,2025-12-13,181
user_09676,2025-01-13,515
user_04495,2025-10-29,226
user_05230,2025-10-20,235
user_08902,2025-10-18,237
user_07196,2025-12-04,190
user_01928,2025-12-23,171
user_03863,2025-11-30,194
user_00244,2025-06-15,362
user_00310,2025-11-18,206
user_09056,2025-10-31,224
user_02455,2025-11-02,222
user_08284,2025-11-25,199
user_02828,2025-12-19,175
user_03701,2025-12-30,164
user_03737,2025-11-18,206
user_05619,2025-06-02,375
user_09833,2025-12-31,163
user_03254,2025-07-08,339
user_04764,2025-11-04,220
user_02191,2025-12-19,175
user_09991,2025-10-28,227
user_03330,2025-12-29,165
user_05220,2025-08-30,286
user_03843,2025-12-28,166
user_08438,2025-09-04,281
user_04853,2025-12-18,176
user_09413,2025-12-17,177
user_01321,2025-11-03,221
user_07921,2025-10-15,240
user_01402,2025-07-26,321
user_09508,2025-12-26,168
user_00942,2025-11-04,220
user_08293,2025-12-17,177
user_00070,2025-11-03,221
user_09076,2025-12-10,184
user_02146,2025-11-09,215
user_06048,2025-10-15,240
user_04842,2025-12-24,170
user_03202,2025-12-30,164
user_06188,2025-11-10,214
user_09832,2025-10-21,234
user_05020,2025-10-09,246
user_09442,2025-08-25,291
user_08063,2025-09-15,270
user_07421,2025-12-06,188
user_01103,2025-12-10,184
user_05654,2025-11-21,203
user_03914,2025-11-04,220
user_02173,2025-12-27,167
user_05093,2025-12-09,185
user_06681,2025-10-24,231
user_08292,2025-12-29,165
user_02606,2025-12-08,186
user_00642,2025-12-11,183
user_04084,2025-05-09,399
user_03130,2025-09-25,260
user_01773,2025-11-29,195
user_07004,2025-12-20,174
user_04534,2025-12-08,186
user_00874,2025-11-22,202
user_05122,2025-08-19,297
user_02765,2025-02-11,486
user_09858,2025-12-23,171
user_02732,2025-08-27,289
user_08729,2025-12-31,163
user_03324,2025-09-09,276
user_02609,2025-09-22,263
user_07857,2025-12-20,174
user_03350,2025-12-15,179
user_03620,2025-12-23,171
user_04662,2025-08-19,297
user_02603,2025-05-23,385
user_01290,2025-12-25,169
user_01554,2025-09-29,256
user_00928,2025-12-07,187
user_02672,2025-12-20,174
user_08133,2025-10-23,232
user_08842,2025-12-25,169
user_06914,2025-11-27,197
user_07809,2025-12-26,168
user_02691,2025-12-16,178
user_09624,2025-10-16,239
user_09107,2025-11-28,196
user_00883,2025-10-20,235
user_05177,2025-08-10,306
user_07958,2025-10-05,250
user_04372,2025-12-29,165
user_01777,2025-01-03,525
user_08285,2024-06-10,732
user_06309,2025-10-11,244
user_08188,2025-12-18,176
user_07788,2025-09-16,269
user_06164,2025-12-09,185
user_03447,2025-11-12,212
user_07463,2025-11-18,206
user_05506,2025-12-09,185
user_02858,2025-12-23,171
user_09292,2025-12-18,176
user_02642,2025-12-04,190
user_02838,2025-12-26,168
user_05001,2025-11-07,217
user_03080,2025-12-31,163
user_05756,2025-09-05,280
user_06808,2025-10-31,224
user_05811,2025-10-06,249
user_00815,2025-12-09,185
user_01695,2025-07-30,317
user_03398,2025-10-06,249
user_04548,2025-11-07,217
user_00127,2025-12-17,177
user_08675,2025-10-20,235
user_01627,2025-11-14,210
user_07944,2025-11-10,214
user_02012,2025-11-07,217
user_00014,2025-11-17,207
user_03556,2025-12-08,186
user_06261,2025-10-12,243
user_06806,2025-12-28,166
user_06916,2025-08-23,293
user_08753,2025-10-24,231
user_01130,2025-08-13,303
user_06463,2025-10-17,238
user_02813,2025-11-01,223
user_08595,2025-11-09,215
user_00628,2025-10-22,233
user_04924,2025-11-24,200
user_00240,2025-11-21,203
user_01636,2025-07-24,323
user_09500,2025-10-15,240
user_06408,2025-09-18,267
user_08539,2025-11-21,203
user_05669,2025-10-15,240
user_03797,2025-12-05,189
user_05613,2025-09-16,269
user_07346,2025-10-31,224
user_08976,2025-12-08,186
user_00713,2025-09-16,269
user_04644,2025-03-27,442
user_07123,2025-12-18,176
user_08366,2025-11-07,217
user_04501,2025-12-28,166
user_01018,2025-11-24,200
user_07074,2025-11-13,211
user_06227,2025-11-24,200
user_03591,2025-12-27,167
user_06117,2025-10-19,236
user_00646,2025-09-29,256
user_05740,2025-09-26,259
user_05959,2025-11-20,204
user_03052,2025-10-12,243
user_03084,2025-12-12,182
user_02872,2025-11-08,216
user_09718,2025-07-25,322
user_07775,2025-12-24,170
user_07781,2025-10-06,249
user_07837,2025-11-24,200
user_08221,2025-10-24,231
user_00600,2025-12-14,180
user_00230,2025-08-26,290
user_05445,2025-12-16,178
user_06992,2025-08-09,307
user_04223,2025-10-02,253
user_08696,2025-09-01,284
user_04590,2025-12-27,167
user_06811,2025-09-02,283
user_04433,2025-06-20,357
user_08184,2025-09-02,283
user_08584,2025-12-15,179
user_05978,2025-09-27,258
user_07800,2025-09-26,259
user_01175,2025-12-24,170
user_06038,2025-12-21,173
user_00479,2025-12-13,181
user_09942,2025-11-16,208
user_04444,2025-11-11,213
user_04747,2025-11-26,198
user_02250,2025-12-28,166
user_08990,2025-11-28,196
user_07798,2025-12-24,170
user_09706,2025-12-14,180
user_07348,2025-10-19,236
user_06979,2025-11-12,212
user_05444,2025-11-03,221
user_01572,2025-12-02,192
user_01776,2025-10-24,231
user_03934,2025-10-01,254
user_02590,2025-12-29,165
user_07569,2025-11-18,206
user_01134,2025-11-28,196
user_08689,2025-11-10,214
user_01199,2025-12-02,192
user_00299,2025-11-19,205
user_05643,2025-12-14,180
user_08991,2025-12-22,172
user_08036,2025-10-24,231
user_05656,2025-11-24,200
user_07649,2025-08-02,314
user_09936,2025-07-20,327
user_02992,2025-07-01,346
user_08898,2025-11-08,216
user_02756,2025-12-07,187
user_05869,2025-11-28,196
user_01780,2025-12-21,173
user_03257,2025-10-21,234
user_04654,2025-06-15,362
user_00513,2025-12-30,164
user_08632,2025-11-08,216
user_03307,2025-11-11,213
user_08333,2025-07-12,335
user_08774,2025-04-04,434
user_06390,2025-12-02,192
user_01962,2025-12-27,167
user_08891,2025-12-12,182
user_08777,2025-11-20,204
user_03685,2025-12-01,193
user_00800,2025-11-04,220
user_08247,2025-12-25,169
user_00613,2025-12-27,167
user_07903,2025-07-24,323
user_04921,2025-11-30,194
user_04200,2025-10-27,228
user_01786,2025-10-24,231
user_06970,2025-10-24,231
user_04611,2025-09-08,277
user_00728,2025-12-06,188
user_06876,2025-12-19,175
user_00916,2025-12-07,187
user_00786,2025-11-16,208
user_00746,2025-05-02,406
user_04462,2025-09-06,279
user_03372,2025-12-04,190
user_09025,2025-12-03,191
user_06940,2025-08-26,290
user_02996,2025-10-23,232
user_09151,2025-12-10,184
user_04075,2025-12-29,165
user_03831,2025-12-14,180
user_01772,2025-11-02,222
user_05525,2025-11-16,208
user_06196,2025-10-26,229
user_03274,2025-11-29,195
user_06987,2025-11-26,198
user_02327,2025-12-27,167
user_08912,2025-12-22,172
user_06651,2025-11-09,215
user_07371,2025-12-15,179
user_02323,2025-08-24,292
user_05796,2025-12-04,190
user_04729,2025-12-16,178
user_04252,2025-08-23,293
user_08567,2025-09-24,261
user_03691,2025-09-25,260
user_03042,2025-11-25,199
user_09875,2025-12-13,181
user_05809,2025-12-07,187
user_08227,2025-12-21,173
user_03839,2025-12-03,191
user_09317,2025-12-29,165
user_02043,2025-11-30,194
user_08778,2025-08-23,293
user_06715,2025-12-26,168
user_03088,2025-12-12,182
user_02854,2025-11-26,198
user_06076,2025-08-27,289
user_01324,2025-05-13,395
user_08933,2025-07-26,321
user_09513,2025-12-28,166
user_02376,2025-11-25,199
user_07606,2025-12-17,177
user_00871,2025-11-02,222
user_04065,2025-10-14,241
user_01604,2024-10-24,596
user_09951,2025-12-17,177
user_07856,2025-11-24,200
user_09537,2025-11-10,214
user_07870,2025-09-23,262
user_03417,2025-12-17,177
user_04896,2025-08-28,288
user_06215,2025-11-19,205
user_04245,2025-11-29,195
user_02378,2025-12-24,170
user_05494,2025-10-04,251
user_03090,2025-09-22,263
user_04894,2025-12-20,174
user_04179,2025-12-06,188
user_04605,2025-09-16,269
user_00329,2025-11-21,203
user_09241,2025-10-31,224
user_04259,2025-12-21,173
user_05800,2025-08-24,292
user_04602,2025-11-18,206
user_08718,2025-11-28,196
user_00812,2025-12-10,184
user_05293,2025-12-07,187
user_04257,2025-05-24,384
user_00826,2025-10-31,224
user_03343,2025-12-12,182
user_04105,2025-12-09,185
user_09043,2025-05-31,377
user_01580,2025-11-25,199
user_02100,2025-10-05,250
user_03145,2025-10-20,235
user_01951,2025-10-30,225
user_03595,2025-09-09,276
user_02509,2025-11-29,195
user_06223,2025-09-02,283
user_00029,2025-09-22,263
user_01453,2025-08-28,288
user_06378,2025-12-13,181
user_01590,2025-08-14,302
user_06605,2025-10-22,233
user_04912,2025-12-17,177
user_06111,2025-11-25,199
user_05302,2025-11-27,197
user_01516,2025-12-25,169
user_02066,2025-10-29,226
user_08941,2025-12-26,168
user_07523,2025-11-03,221
user_06440,2024-12-30,529
user_02724,2025-06-29,348
user_00567,2025-12-17,177
user_05197,2025-12-27,167
user_01592,2025-08-26,290
user_09188,2025-10-31,224
user_00086,2025-09-10,275
user_02122,2025-10-02,253
user_06260,2025-06-14,363
user_00213,2025-11-17,207
user_06727,2025-07-08,339
user_07972,2025-12-15,179
user_07645,2025-12-26,168
user_07976,2025-11-17,207
user_02297,2025-12-11,183
user_05617,2025-09-18,267
user_00142,2025-10-15,240
user_01945,2025-06-02,375
user_05915,2025-12-16,178
user_00678,2025-09-13,272
user_08024,2025-12-19,175
user_09110,2025-12-18,176
user_01734,2025-11-26,198
user_01644,2025-10-24,231
user_03478,2025-07-06,341
user_03732,2025-12-19,175
user_00571,2025-12-14,180
user_01522,2025-10-11,244
user_03175,2025-12-19,175
user_02652,2025-06-09,368
user_08589,2025-02-05,492
user_03889,2025-04-22,416
user_06744,2025-12-03,191
user_06607,2025-09-30,255
user_03530,2025-10-28,227
user_01114,2025-05-22,386
user_09418,2025-12-18,176
user_06546,2025-12-18,176
user_05522,2025-06-19,358
user_09434,2025-11-28,196
user_08066,2025-12-30,164
user_04193,2025-12-24,170
user_07656,2025-12-06,188
user_03260,2025-11-24,200
user_09917,2025-12-20,174
user_00860,2025-12-20,174
user_09512,2025-12-14,180
user_00689,2025-11-13,211
user_03993,2025-10-21,234
user_09525,2025-05-29,379
user_04222,2025-10-21,234
user_03789,2025-12-27,167
user_01719,2025-09-10,275
user_04796,2025-11-01,223
user_01363,2025-07-05,342
user_09893,2025-12-10,184
user_00011,2025-12-06,188
user_00285,2025-09-15,270
user_01374,2025-11-26,198
user_03261,2025-11-14,210
user_02947,2025-09-28,257
user_09351,2025-12-23,171
user_05497,2025-12-21,173
user_00071,2025-02-07,490
user_05715,2025-10-20,235
user_01902,2025-10-30,225
user_03564,2025-09-13,272
user_06275,2025-10-24,231
user_00703,2025-12-20,174
user_02040,2025-10-23,232
user_01797,2025-04-20,418
user_05641,2025-12-23,171
user_01173,2025-11-17,207
user_07654,2025-12-23,171
user_02769,2025-11-21,203
user_09665,2025-09-28,257
user_09175,2025-12-17,177
user_05388,2025-10-16,239
user_01841,2025-12-22,172
user_01509,2024-11-04,585
user_04004,2025-09-12,273
user_01242,2025-12-14,180
user_03229,2025-11-27,197
user_00165,2025-09-12,273
user_02053,2025-09-23,262
user_00228,2025-10-16,239
user_00149,2025-12-20,174
user_05601,2025-07-27,320
user_03615,2025-11-21,203
user_04038,2025-11-11,213
user_00196,2025-12-31,163
user_03552,2025-12-31,163
user_07245,2025-02-06,491
user_09637,2025-09-19,266
user_00001,2025-10-30,225
user_03928,2025-12-04,190
user_07474,2025-12-30,164
user_07409,2025-12-12,182
user_02306,2025-08-30,286
user_07185,2025-12-02,192
user_07149,2025-11-07,217
user_02259,2025-12-20,174
user_08017,2025-12-14,180
user_02286,2025-11-09,215
user_07914,2025-12-05,189
user_02264,2025-12-11,183
user_00838,2025-11-06,218
user_06075,2025-10-22,233
user_06231,2025-12-08,186
user_05975,2025-10-19,236
user_04593,2025-05-05,403
user_01814,2025-10-16,239
user_09610,2025-07-29,318
user_05441,2025-09-30,255
user_00638,2025-12-30,164
user_05946,2025-09-06,279
user_02485,2025-12-30,164
user_00089,2025-12-27,167
user_08249,2025-12-27,167
user_08275,2025-08-17,299
user_00995,2025-10-10,245
user_04357,2025-07-23,324
user_07120,2025-11-20,204
user_01360,2025-10-23,232
user_01585,2025-07-14,333
user_04635,2025-08-25,291
user_02719,2025-11-26,198
user_01824,2025-12-20,174
user_00592,2025-10-26,229
user_01429,2025-08-17,299
user_06439,2025-11-05,219
user_00110,2025-10-30,225
user_04973,2025-07-08,339
user_02271,2025-12-28,166
user_01271,2025-09-15,270
user_07724,2025-12-14,180
user_00891,2025-11-25,199
user_07487,2025-11-19,205
user_06137,2025-09-26,259
user_09390,2025-12-29,165
user_04037,2025-10-30,225
user_05807,2025-12-03,191
user_04971,2025-12-06,188
user_02373,2025-12-31,163
user_00277,2025-11-09,215
user_07248,2025-12-12,182
user_05072,2025-07-26,321
user_08614,2025-12-07,187
user_03919,2025-11-08,216
user_09739,2025-05-27,381
user_08820,2025-12-05,189
user_03708,2025-07-14,333
user_08474,2024-10-03,617
user_05044,2025-12-08,186
user_04185,2025-05-08,400
user_04491,2025-12-27,167
user_05711,2025-11-05,219
user_06733,2025-10-19,236
user_03303,2025-11-18,206
user_02202,2025-11-29,195
user_05474,2025-12-14,180
user_02319,2025-12-20,174
user_04918,2025-12-18,176
user_09776,2025-12-02,192
user_03327,2025-12-16,178
user_02292,2025-10-09,246
user_09305,2025-12-31,163
user_03349,2025-12-17,177
user_09715,2025-11-27,197
user_06779,2025-03-03,466
user_07810,2025-08-14,302
user_04760,2025-12-16,178
user_05329,2025-12-10,184
user_04290,2025-09-01,284
user_02938,2025-12-02,192
user_02970,2025-09-22,263
user_09438,2025-08-30,286
user_02750,2025-12-03,191
user_08643,2025-09-15,270
user_07095,2025-08-12,304
user_02963,2025-12-14,180
user_08673,2025-12-23,171
user_03506,2025-11-07,217
user_06938,2025-12-16,178
user_02800,2025-11-30,194
user_03082,2025-12-23,171
user_03881,2025-12-04,190
user_08132,2025-11-21,203
user_04904,2025-06-23,354
user_02811,2025-08-29,287
user_01161,2025-12-09,185
user_03944,2025-07-25,322
user_09807,2025-11-17,207
user_09481,2025-12-27,167
user_06296,2025-10-07,248
user_03578,2025-09-15,270
user_01549,2025-12-24,170
user_09616,2025-12-25,169
user_02991,2025-11-16,208
user_01607,2025-11-28,196
user_08125,2025-11-21,203
user_08518,2025-08-16,300
user_07536,2025-12-15,179
user_07526,2025-12-27,167
user_04036,2025-11-01,223
user_08220,2025-12-15,179
user_09867,2025-11-18,206
user_09104,2025-11-01,223
user_05733,2025-06-05,372
user_02666,2025-12-14,180
user_09197,2025-12-25,169
user_05232,2025-11-16,208
user_07878,2025-06-19,358
user_02968,2025-09-02,283
user_06841,2025-11-03,221
user_04822,2025-12-23,171
user_06321,2025-12-20,174
user_00958,2025-10-05,250
user_02924,2025-07-20,327
user_04706,2025-09-30,255
user_07492,2025-07-31,316
user_04529,2025-11-16,208
user_00308,2025-06-21,356
user_04861,2025-11-29,195
user_09847,2025-12-23,171
user_01350,2025-07-10,337
user_06086,2025-12-04,190
user_09108,2025-12-21,173
user_00088,2025-08-05,311
user_02199,2025-12-11,183
user_01389,2025-07-19,328
user_07017,2025-08-29,287
user_03960,2025-11-10,214
user_09428,2025-11-19,205
user_04192,2025-10-02,253
user_09302,2025-09-07,278
user_03120,2025-10-02,253
user_07241,2025-09-06,279
user_04428,2025-09-26,259
user_01546,2025-11-10,214
user_03674,2025-12-29,165
user_03184,2025-12-09,185
user_08510,2025-11-29,195
user_05629,2025-12-12,182
user_03548,2025-10-16,239
user_05303,2025-05-16,392
user_08254,2025-10-16,239
user_04272,2025-09-14,271
user_06465,2025-11-26,198
user_06751,2025-12-15,179
user_07863,2025-11-27,197
user_06855,2025-12-19,175
user_09369,2025-11-24,200
user_04556,2025-12-31,163
user_05985,2025-11-29,195
user_03911,2025-12-23,171
user_03994,2025-09-28,257
user_05899,2025-10-31,224
user_08921,2025-09-05,280
user_02747,2025-11-11,213
user_06019,2025-11-28,196
user_02413,2025-12-27,167
user_08375,2025-12-02,192
user_09328,2025-11-02,222
user_07476,2025-06-03,374
user_06154,2025-09-20,265
user_06432,2025-10-17,238
user_04096,2025-09-22,263
user_00101,2025-12-21,173
user_04666,2025-11-07,217
user_05683,2025-07-02,345
user_03966,2025-12-12,182
user_06502,2025-06-12,365
user_07154,2025-12-18,176
user_08625,2025-11-25,199
user_02218,2025-12-01,193
user_01246,2025-12-29,165
user_08165,2025-10-29,226
user_08879,2025-10-09,246
user_06329,2025-12-09,185
user_01261,2025-11-30,194
user_02823,2025-10-18,237
user_09518,2025-12-25,169
user_00124,2025-12-23,171
user_08015,2025-12-13,181
user_08324,2025-08-21,295
user_07811,2025-12-06,188
user_05471,2025-11-16,208
user_03315,2025-12-17,177
user_08699,2025-10-15,240
user_04639,2025-08-16,300
user_05221,2025-11-21,203
user_08638,2025-12-10,184
user_04575,2025-06-20,357
user_06460,2025-12-24,170
user_00347,2025-10-10,245
user_02667,2025-12-27,167
user_09888,2025-11-27,197
user_06585,2025-12-08,186
user_03745,2025-11-13,211
user_05665,2025-12-18,176
user_06853,2025-11-08,216
user_03677,2025-10-27,228
user_04688,2025-07-15,332
user_05567,2025-11-07,217
user_01121,2025-12-24,170
user_03112,2025-12-11,183
user_04802,2025-07-01,346
user_08606,2025-06-24,353
user_00175,2025-12-27,167
user_02661,2025-11-19,205
user_09364,2025-12-29,165
user_01238,2025-04-23,415
user_01021,2025-12-22,172
user_00936,2025-12-08,186
user_06684,2025-12-27,167
user_00425,2024-07-30,682
user_03072,2025-05-18,390
user_05308,2025-08-25,291
user_00059,2025-07-22,325
user_05753,2025-08-30,286
user_00832,2025-01-30,498
user_04074,2025-12-23,171
user_09557,2025-10-12,243
user_01897,2025-11-11,213
user_06276,2025-11-19,205
user_06483,2025-11-10,214
user_01104,2025-05-30,378
user_01676,2025-12-29,165
user_09067,2025-12-24,170
user_08436,2025-12-30,164
user_00740,2025-10-22,233
user_09213,2025-11-10,214
user_06615,2025-11-04,220
user_01865,2025-09-12,273
user_04103,2025-08-18,298
user_05517,2025-11-15,209
user_03498,2025-09-15,270
user_04515,2025-12-14,180
user_03731,2025-09-14,271
user_03554,2025-12-13,181
user_04508,2025-12-24,170
user_08818,2025-02-28,469
user_01985,2025-12-28,166
user_05170,2025-04-30,408
user_04748,2025-12-10,184
user_05022,2025-10-02,253
user_04800,2025-12-07,187
user_04905,2025-11-15,209
user_04773,2025-12-16,178
user_00097,2025-12-21,173
user_02346,2025-12-08,186
user_08608,2025-07-22,325
user_04916,2025-12-23,171
user_01447,2025-12-08,186
user_09178,2025-12-28,166
user_03178,2025-10-09,246
user_06363,2025-11-14,210
user_04208,2025-10-01,254
user_07957,2025-12-31,163
user_06774,2025-09-21,264
user_04463,2025-10-26,229
user_08617,2025-12-20,174
user_06011,2025-11-13,211
user_09173,2025-12-16,178
user_02852,2025-08-31,285
user_07472,2025-05-06,402
user_09399,2025-05-07,401
user_01801,2025-12-05,189
user_02308,2025-10-29,226
user_09209,2025-12-23,171
user_06126,2025-10-31,224
user_00507,2025-11-14,210
user_07668,2025-12-01,193
user_04600,2025-11-26,198
user_06802,2025-09-13,272
user_08734,2025-11-29,195
user_03239,2025-11-12,212
user_03719,2025-10-20,235
user_07048,2025-05-13,395
user_06835,2025-12-01,193
user_07838,2025-10-07,248
user_08105,2025-12-31,163
user_04248,2025-12-06,188
user_01716,2025-03-30,439
user_04017,2025-12-03,191
user_06120,2025-12-18,176
user_06839,2025-10-19,236
user_04963,2025-10-07,248
user_04982,2025-05-03,405
user_03848,2025-12-27,167
user_04720,2025-12-22,172
user_06427,2025-12-13,181
user_04479,2025-10-14,241
user_09282,2025-03-01,468
user_02690,2025-12-17,177
user_02912,2025-12-21,173
user_08966,2025-10-08,247
user_05283,2025-12-14,180
user_07544,2025-12-15,179
user_05866,2025-10-24,231
user_01970,2025-07-20,327
user_06766,2025-11-16,208
user_08986,2025-12-01,193
user_03142,2025-12-25,169
user_03005,2025-12-16,178
user_01009,2025-10-26,229
user_02521,2025-12-22,172
user_08843,2025-10-17,238
user_09599,2025-01-20,508
user_09968,2025-11-13,211
user_09111,2025-11-17,207
user_02565,2025-09-22,263
user_02908,2025-03-30,439
user_03812,2025-12-29,165
user_09542,2025-07-13,334
user_05612,2025-11-09,215
user_05924,2025-12-01,193
user_03119,2025-10-13,242
user_05927,2025-12-09,185
user_00352,2025-08-30,286
user_03623,2025-12-22,172
user_04146,2025-10-24,231
user_02310,2025-12-08,186
user_07233,2025-12-10,184
user_02882,2025-10-30,225
user_01297,2025-12-01,193
user_08486,2025-09-30,255
user_05086,2025-12-31,163
user_04057,2025-12-18,176
user_03003,2025-12-12,182
user_03517,2025-12-08,186
user_02663,2025-04-14,424
user_00482,2025-12-25,169
user_04082,2025-09-24,261
user_04772,2025-12-30,164
user_02594,2025-11-04,220
user_01330,2025-12-26,168
user_05377,2025-12-21,173
user_09921,2025-12-31,163
user_05212,2025-11-29,195
user_07080,2025-10-31,224
user_02356,2025-09-09,276
user_03364,2025-10-12,243
user_06816,2025-09-28,257
user_02812,2025-12-25,169
user_05332,2025-11-13,211
user_02512,2025-12-11,183
user_00123,2025-12-28,166
user_02809,2025-09-13,272
user_09935,2025-07-22,325
user_09169,2025-12-11,183
user_04333,2025-12-18,176
user_05255,2025-11-23,201
user_09530,2025-07-16,331
user_08962,2025-11-04,220
user_05831,2025-10-22,233
user_04873,2025-10-28,227
user_09651,2025-11-30,194
user_09884,2025-12-02,192
user_02499,2025-10-22,233
user_05509,2025-12-08,186
user_08722,2025-10-21,234
user_02902,2025-09-22,263
user_06636,2025-09-22,263
user_00694,2025-11-27,197
user_03493,2025-07-30,317
user_05305,2025-10-08,247
user_01785,2025-06-08,369
user_08887,2025-08-17,299
user_07344,2025-07-14,333
user_08303,2025-12-19,175
user_00246,2025-12-20,174
user_03487,2025-12-09,185
user_06594,2025-05-22,386
user_03199,2025-12-29,165
user_04566,2025-06-15,362
user_05512,2025-09-18,267
user_05559,2025-11-13,211
user_06423,2025-11-24,200
user_05019,2025-10-26,229
user_00726,2025-06-14,363
user_01992,2025-11-28,196
user_07881,2025-11-23,201
user_01190,2025-08-09,307
user_06106,2025-10-01,254
user_01407,2025-12-21,173
user_06229,2025-12-09,185
user_09642,2025-12-30,164
user_00328,2025-11-18,206
user_04821,2025-12-27,167
user_01849,2025-11-21,203
user_08030,2025-12-22,172
user_02230,2025-12-01,193
user_02507,2025-04-05,433
user_04542,2025-08-20,296
user_00316,2025-12-24,170
user_00117,2025-11-18,206
user_04001,2025-12-23,171
user_04528,2025-06-04,373
user_03192,2025-12-19,175
user_09666,2025-10-11,244
user_08317,2025-12-29,165
user_06604,2025-11-01,223
user_07778,2025-11-06,218
user_05387,2025-11-06,218
user_09372,2025-12-24,170
user_04900,2025-09-19,266
user_05182,2025-11-23,201
user_06879,2025-08-11,305
user_03109,2025-12-18,176
user_03309,2025-12-29,165
user_02436,2025-12-04,190
user_00912,2025-09-29,256
user_00031,2025-12-26,168
user_04403,2025-12-18,176
user_00570,2025-12-22,172
user_04759,2025-12-29,165
user_00850,2025-04-10,428
user_03421,2025-12-10,184
user_02877,2025-05-13,395
user_07637,2025-12-26,168
user_02390,2025-12-24,170
user_03660,2025-10-25,230
user_02589,2025-11-05,219
user_09125,2025-11-13,211
user_04262,2025-12-12,182
user_01728,2024-12-21,538
user_04457,2025-12-28,166
user_01067,2025-05-11,397
user_07790,2025-12-03,191
user_03414,2025-11-09,215
user_00296,2025-12-29,165
user_02920,2025-12-19,175
user_04797,2025-11-19,205
user_07311,2025-12-13,181
user_03111,2025-12-22,172
user_03935,2025-09-26,259
user_08686,2025-11-04,220
user_09008,2025-11-29,195
user_07055,2025-12-28,166
user_02207,2025-10-30,225
user_03048,2025-10-18,237
user_00069,2025-11-16,208
user_01410,2025-11-21,203
user_04311,2025-10-03,252
user_01730,2025-11-14,210
user_09164,2025-05-09,399
user_01952,2025-12-07,187
user_02472,2025-11-29,195
user_06539,2025-10-28,227
user_03996,2025-08-14,302
user_08356,2025-11-15,209
user_04964,2025-07-15,332
user_02219,2025-08-05,311
user_06618,2025-08-12,304
user_08478,2025-06-20,357
user_08719,2025-07-29,318
user_08762,2025-07-06,341
user_01690,2025-12-17,177
user_05426,2025-12-12,182
user_08296,2025-11-02,222
user_00589,2025-08-29,287
user_08773,2025-08-06,310
user_04807,2025-12-15,179
user_00976,2025-10-31,224
user_05077,2025-03-25,444
user_04346,2025-12-31,163
user_08408,2025-11-28,196
user_09327,2025-12-30,164
user_05709,2025-09-18,267
user_03818,2025-09-26,259
user_00394,2025-11-16,208
user_07568,2025-12-26,168
user_08741,2025-08-08,308
user_04337,2025-12-11,183
user_01159,2025-12-11,183
user_07849,2025-12-28,166
user_02355,2025-12-23,171
user_06080,2025-11-24,200
user_06696,2025-08-25,291
user_00943,2025-12-25,169
user_04375,2025-09-15,270
user_09795,2025-09-24,261
user_07250,2025-10-03,252
user_08451,2025-07-31,316
user_08556,2025-09-27,258
user_04899,2025-08-01,315
user_03887,2025-12-09,185
user_03097,2025-12-15,179
user_08410,2025-12-27,167
user_09958,2025-11-22,202
user_07270,2025-10-06,249
user_05456,2025-09-10,275
user_03667,2025-11-15,209
user_03292,2025-10-10,245
user_07165,2025-11-20,204
user_02839,2025-10-04,251
user_09503,2025-12-24,170
user_02939,2025-12-05,189
user_04517,2025-02-21,476
user_03177,2025-12-30,164
user_05786,2025-08-03,313
user_09200,2025-10-04,251
user_01751,2025-12-16,178
user_09874,2025-11-22,202
user_08371,2025-12-14,180
user_07481,2025-06-20,357
user_07457,2025-11-14,210
user_07108,2025-11-05,219
user_02856,2025-12-21,173
user_04242,2025-12-16,178
user_02354,2025-09-30,255
user_00259,2025-12-08,186
user_03953,2025-06-06,371
user_01025,2025-12-26,168
user_04550,2025-12-22,172
user_08631,2025-08-12,304
user_00534,2025-09-23,262
user_02571,2025-10-17,238
user_05234,2025-12-21,173
user_05350,2025-12-15,179
user_02062,2025-11-09,215
user_01236,2025-10-24,231
user_09137,2025-10-03,252
user_09831,2025-11-30,194
user_03541,2025-09-06,279
user_08402,2025-12-11,183
user_03051,2025-11-14,210
user_07955,2025-09-18,267
user_07008,2025-11-30,194
user_03902,2025-12-30,164
user_01641,2025-08-02,314
user_09278,2025-07-01,346
user_05855,2025-11-04,220
user_09320,2025-12-15,179
user_08394,2025-10-14,241
user_06543,2025-12-11,183
user_06901,2025-12-19,175
user_08382,2025-04-01,437
user_07953,2025-12-05,189
user_01845,2025-03-15,454
user_01285,2025-02-13,484
user_05888,2025-06-25,352
user_01781,2025-10-17,238
user_00893,2025-12-06,188
user_03874,2025-12-23,171
user_01002,2025-09-16,269
user_09506,2025-09-05,280
user_01856,2025-12-26,168
user_06771,2025-12-14,180
user_02409,2025-09-02,283
user_07257,2025-12-04,190
user_04093,2025-11-08,216
user_09736,2025-12-05,189
user_01795,2025-12-10,184
user_06272,2025-04-25,413
user_05021,2025-12-27,167
user_05723,2025-11-17,207
user_06536,2025-10-04,251
user_01416,2025-05-05,403
user_02895,2025-12-05,189
user_02630,2025-10-26,229
user_08385,2025-12-05,189
user_09055,2025-11-15,209
user_01265,2025-09-19,266
user_04322,2025-12-20,174
user_09270,2025-12-21,173
user_05854,2025-05-08,400
user_09152,2025-05-16,392
user_02247,2025-12-28,166
user_01770,2025-07-10,337
user_06549,2025-11-19,205
user_04631,2025-12-18,176
user_05648,2025-10-02,253
user_00793,2025-10-04,251
user_05594,2025-10-05,250
user_04109,2025-11-23,201
user_00876,2025-11-07,217
user_03859,2025-11-18,206
user_06763,2025-12-31,163
user_03006,2025-12-13,181
user_01532,2025-12-24,170
user_00087,2025-12-09,185
user_01243,2025-12-18,176
user_08031,2025-12-08,186
user_04948,2025-11-23,201
user_06179,2025-12-04,190
user_03893,2025-11-20,204
user_09943,2025-12-23,171
user_02179,2025-10-11,244
user_09408,2025-12-19,175
user_02366,2025-10-09,246
user_06623,2025-12-20,174
user_07372,2025-11-27,197
user_08653,2025-12-18,176
user_06514,2025-12-01,193
user_05257,2025-12-31,163
user_04696,2025-11-14,210
user_09183,2025-10-02,253
user_08908,2025-11-07,217
user_02677,2025-12-30,164
user_05818,2025-12-31,163
user_07680,2025-11-01,223
user_04143,2025-09-05,280
user_07543,2025-11-26,198
user_06337,2025-06-25,352
user_06155,2025-07-08,339
user_09382,2025-11-19,205
user_09895,2025-01-25,503
user_06708,2025-12-31,163
user_00610,2025-05-27,381
user_00631,2025-12-22,172
user_09785,2025-12-31,163
user_05209,2025-11-18,206
user_09275,2025-09-15,270
user_02461,2025-11-02,222
user_07379,2025-09-21,264
user_03504,2025-12-05,189
user_07494,2025-12-02,192
user_09702,2025-09-26,259
user_08868,2025-12-11,183
user_05616,2025-10-13,242
user_07776,2025-11-07,217
user_07646,2025-12-28,166
user_06752,2025-09-24,261
user_05196,2025-10-14,241
user_03156,2025-06-08,369
user_01044,2025-10-10,245
user_07222,2025-07-23,324
user_05119,2025-09-10,275
user_08516,2025-11-18,206
user_03867,2025-11-27,197
user_06671,2025-07-01,346
user_02434,2025-06-12,365
user_09602,2025-09-22,263
user_09044,2025-12-07,187
user_07538,2025-12-19,175
user_08485,2025-12-23,171
user_05003,2025-11-15,209
user_05548,2025-08-11,305
user_08340,2025-12-17,177
user_03437,2025-07-26,321
user_05281,2025-10-21,234
user_08730,2025-12-15,179
user_01062,2025-11-15,209
user_03810,2025-08-28,288
user_04576,2025-05-02,406
user_03788,2025-05-23,385
user_03461,2025-11-27,197
user_03099,2025-11-28,196
user_00440,2025-08-09,307
user_06334,2025-09-01,284
user_01089,2025-12-15,179
user_05634,2025-11-05,219
user_04329,2025-12-01,193
user_05922,2025-03-10,459
user_05372,2025-12-26,168
user_05051,2025-05-29,379
user_04331,2025-09-26,259
user_06501,2025-11-24,200
user_08419,2025-12-17,177
user_05210,2025-08-15,301
user_06852,2025-10-25,230
user_03940,2025-10-25,230
user_02703,2025-10-26,229
user_04655,2025-12-13,181
user_06547,2025-12-08,186
user_05096,2025-09-15,270
user_00966,2025-09-14,271
user_09157,2025-10-20,235
user_04340,2025-07-03,344
user_05846,2025-12-24,170
user_09393,2025-07-28,319
user_07020,2025-11-18,206
user_03108,2025-10-03,252
user_05419,2025-11-05,219
user_06729,2025-12-14,180
user_09319,2025-12-18,176
user_06937,2025-10-03,252
user_04667,2025-12-23,171
user_02148,2025-09-03,282
user_01182,2025-10-16,239
user_05088,2025-07-23,324
user_02689,2025-09-08,277
user_05379,2025-12-29,165
user_07079,2025-10-29,226
user_07975,2025-08-02,314
user_03089,2025-12-23,171
user_06127,2025-11-30,194
user_00643,2025-10-04,251
user_01328,2025-11-29,195
user_09186,2025-11-02,222
user_03293,2025-08-04,312
user_05150,2025-10-11,244
user_01224,2025-06-08,369
user_06582,2025-10-18,237
user_08550,2025-09-22,263
user_07967,2025-12-11,183
user_08443,2025-11-18,206
user_01771,2025-12-28,166
user_05960,2025-12-15,179
user_04512,2025-12-11,183
user_07886,2025-07-10,337
user_02493,2025-12-08,186
user_08823,2025-12-29,165
user_08576,2025-11-16,208
user_03558,2025-11-29,195
user_06953,2025-12-10,184
user_04668,2025-11-14,210
user_02057,2025-12-07,187
user_09750,2025-11-09,215
user_06589,2025-12-29,165
user_03961,2025-11-20,204
user_05802,2025-12-27,167
user_04030,2025-11-28,196
user_09868,2025-11-23,201
user_02374,2025-09-26,259
user_00509,2025-11-23,201
user_03172,2025-09-02,283
user_03469,2025-10-10,245
user_04194,2025-08-03,313
user_01555,2025-08-18,298
user_07545,2025-09-03,282
user_07114,2025-02-24,473
user_09737,2025-11-28,196
user_05311,2025-12-31,163
user_03644,2025-11-12,212
user_08482,2025-11-04,220
user_05046,2025-10-27,228
user_04153,2025-12-04,190
user_00442,2025-12-05,189
user_07959,2025-12-22,172
user_01835,2025-12-20,174
user_05900,2025-12-29,165
user_08477,2025-10-30,225
user_08034,2025-11-01,223
user_05401,2025-11-29,195
user_03718,2025-12-05,189
user_00167,2025-12-27,167
user_07189,2025-12-01,193
user_02971,2025-10-12,243
user_02120,2025-12-15,179
user_07356,2025-09-03,282
user_01308,2025-10-13,242
user_06251,2025-04-06,432
user_04651,2025-09-30,255
user_03904,2025-10-04,251
user_02285,2025-10-17,238
user_04289,2025-12-20,174
user_06415,2025-11-01,223
user_07625,2025-10-26,229
user_06627,2025-12-20,174
user_03937,2025-07-31,316
user_06182,2025-12-29,165
user_03102,2025-12-19,175
user_05916,2025-09-20,265
user_01720,2025-12-31,163
user_08138,2025-07-18,329
user_03067,2025-12-21,173
user_05609,2025-10-19,236
user_00625,2025-05-06,402
user_03494,2025-10-14,241
user_04984,2025-10-20,235
user_05031,2025-12-08,186
user_02294,2025-09-07,278
user_00115,2025-02-09,488
user_02673,2025-11-27,197
user_04919,2025-12-15,179
user_08836,2025-03-17,452
user_00045,2025-10-21,234
user_04591,2025-11-03,221
user_00112,2025-09-10,275
user_04721,2025-06-27,350
user_05227,2025-09-13,272
user_07738,2025-11-23,201
user_02418,2025-11-10,214
user_00369,2025-12-16,178
user_06448,2025-11-16,208
user_06384,2025-12-25,169
user_00535,2025-08-15,301
user_07263,2025-11-21,203
user_05215,2025-08-29,287
user_09713,2025-12-12,182
user_03283,2025-10-26,229
user_05843,2025-08-31,285
user_04432,2025-11-20,204
user_08544,2025-10-18,237
user_02997,2025-09-09,276
user_07209,2025-12-29,165
user_02164,2025-11-25,199
user_09587,2025-10-23,232
user_05078,2025-08-18,298
user_01823,2025-11-23,201
user_09812,2025-10-10,245
user_07376,2025-10-10,245
user_03523,2025-09-28,257
user_07850,2025-11-06,218
user_02891,2025-11-20,204
user_08244,2025-12-26,168
user_09660,2025-09-03,282
user_02955,2025-12-28,166
user_08519,2025-12-31,163
user_07751,2025-12-21,173
user_05690,2025-11-14,210
user_00868,2025-10-10,245
user_03290,2025-12-01,193
user_09473,2025-12-05,189
user_01937,2025-10-05,250
user_06259,2025-10-29,226
user_03557,2025-06-16,361
user_06554,2025-12-27,167
user_04870,2025-11-02,222
user_06619,2025-03-30,439
user_01687,2025-10-30,225
user_06954,2025-12-10,184
user_07699,2025-11-11,213
user_08853,2025-02-15,482
user_08157,2025-10-26,229
user_05912,2025-08-15,301
user_02332,2025-08-30,286
user_03642,2025-11-27,197
user_03669,2025-12-24,170
user_01836,2025-11-10,214
user_08957,2025-04-30,408
user_03285,2025-11-12,212
user_08322,2025-12-06,188
user_09566,2025-06-17,360
user_08099,2025-11-10,214
user_08624,2025-11-30,194
user_06496,2025-12-06,188
user_05253,2025-10-17,238
user_09440,2025-11-25,199
user_06412,2025-11-29,195
user_03073,2025-12-18,176
user_06457,2025-12-20,174
user_04300,2025-10-31,224
user_01668,2025-10-14,241
user_03678,2025-10-15,240
user_00261,2025-10-21,234
user_04779,2025-10-01,254
user_01964,2025-11-17,207
user_04946,2025-07-03,344
user_00282,2025-12-20,174
user_01775,2025-11-09,215
user_06656,2025-12-31,163
user_01794,2025-12-30,164
user_03605,2025-10-15,240
user_02162,2025-12-26,168
user_04284,2025-11-19,205
user_04965,2025-10-27,228
user_05448,2025-11-05,219
user_08222,2025-11-25,199
user_09916,2025-11-17,207
user_04902,2025-12-31,163
user_03850,2025-09-10,275
user_01512,2025-12-26,168
user_00520,2025-12-03,191
user_08027,2025-10-23,232
user_00676,2025-09-27,258
user_02636,2025-12-30,164
user_04283,2025-10-02,253
user_02445,2025-11-19,205
user_07136,2025-11-06,218
user_07739,2025-12-24,170
user_08467,2025-12-24,170
user_00179,2025-09-20,265
user_01466,2025-10-29,226
user_01485,2025-03-22,447
user_08707,2025-11-09,215
user_05038,2025-08-12,304
user_02349,2025-12-19,175
user_00548,2025-09-24,261
user_02508,2025-08-16,300
user_01228,2025-10-06,249
user_09498,2025-08-28,288
user_03409,2025-12-20,174
user_02660,2025-12-31,163
user_09717,2025-10-07,248
user_00290,2025-10-12,243
user_09688,2025-09-28,257
user_09656,2025-11-16,208
user_03113,2025-07-20,327
user_01812,2025-12-25,169
user_01166,2024-12-20,539
user_00318,2025-08-10,306
user_02367,2025-12-25,169
user_02029,2025-10-29,226
user_07792,2025-11-13,211
user_06601,2025-06-13,364
user_02086,2025-12-20,174
user_08290,2025-12-09,185
user_07932,2025-10-26,229
user_01977,2025-12-14,180
user_05183,2025-12-30,164
user_04224,2025-12-30,164
user_03451,2025-12-16,178
user_01943,2025-11-24,200
user_07919,2025-10-26,229
user_07410,2025-11-12,212
user_05716,2025-09-29,256
user_00724,2025-09-09,276
user_01000,2025-10-05,250
user_03200,2025-12-30,164
user_06768,2025-08-23,293
user_01875,2025-12-11,183
user_06675,2025-12-21,173
user_06961,2025-10-27,228
user_04537,2025-09-23,262
user_08789,2025-11-22,202
user_01681,2025-10-03,252
user_04881,2025-06-03,374
user_03226,2025-11-03,221
user_00319,2025-11-12,212
user_02951,2025-12-11,183
user_03915,2025-10-16,239
user_04724,2025-12-26,168
user_07785,2025-10-28,227
user_09894,2025-07-01,346
user_03649,2025-11-17,207
user_08743,2025-12-10,184
user_09286,2025-12-30,164
user_08073,2025-12-07,187
user_04610,2025-04-25,413
user_07453,2025-12-10,184
user_01864,2025-05-28,380
user_04064,2025-12-12,182
user_08352,2025-12-07,187
user_05125,2025-11-18,206
user_02621,2025-09-13,272
user_03689,2025-08-19,297
user_00949,2025-11-07,217
user_01372,2025-12-02,192
user_05016,2025-12-28,166
user_08078,2024-12-31,528
user_03094,2025-10-08,247
user_07940,2025-12-12,182
user_03267,2025-11-02,222
user_08298,2025-10-17,238
user_06160,2025-12-22,172
user_04480,2025-09-03,282
user_06180,2025-12-19,175
user_00679,2025-08-05,311
user_08081,2025-10-17,238
user_04513,2025-12-25,169
user_01879,2025-09-24,261
user_01340,2024-11-28,561
user_07553,2025-11-22,202
user_06857,2025-09-18,267
user_02251,2025-11-23,201
user_06824,2025-12-04,190
user_09724,2025-05-07,401
user_08092,2025-07-02,345
user_04599,2025-09-25,260
user_07618,2025-06-24,353
user_01191,2025-10-29,226
user_07899,2025-12-09,185
user_00130,2025-12-23,171
user_04745,2025-11-09,215
user_09605,2025-06-07,370
user_00121,2025-11-08,216
user_07519,2025-10-07,248
user_02194,2025-11-02,222
user_04736,2025-07-19,328
user_05840,2025-12-16,178
user_05906,2025-12-26,168
user_09116,2025-09-15,270
user_05519,2025-10-19,236
user_06698,2025-10-24,231
user_06697,2025-12-15,179
user_08698,2025-11-23,201
user_02789,2025-09-30,255
user_00669,2025-10-29,226
user_04798,2025-12-23,171
user_04937,2025-09-29,256
user_06039,2025-10-16,239
user_01878,2025-10-10,245
user_08012,2025-11-15,209
user_04885,2025-12-13,181
user_03803,2025-11-06,218
user_05120,2025-08-07,309
user_04009,2025-12-24,170
user_09641,2025-12-24,170
user_09465,2025-11-22,202
user_04483,2025-12-20,174
user_05862,2025-12-13,181
user_04931,2025-12-27,167
user_00485,2025-11-07,217
user_04110,2025-10-06,249
user_03822,2025-11-11,213
user_05112,2025-07-28,319
user_05036,2025-04-30,408
user_03888,2025-09-11,274
user_07673,2025-12-24,170
user_01613,2025-12-27,167
user_00787,2025-12-27,167
user_00734,2025-09-08,277
user_05455,2025-06-16,361
user_05679,2025-12-31,163
user_00067,2025-12-21,173
user_05413,2025-12-03,191
user_07530,2025-12-20,174
user_05852,2025-12-31,163
user_06191,2025-12-09,185
user_04827,2025-12-31,163
user_00960,2025-12-01,193
user_06673,2025-10-04,251
user_00033,2025-11-14,210
user_00174,2025-10-17,238
user_08534,2025-12-27,167
user_08330,2025-11-17,207
user_05530,2025-11-27,197
user_00465,2025-08-19,297
user_01495,2025-12-14,180
user_07805,2025-12-11,183
user_05315,2025-12-15,179
user_03964,2025-12-19,175
user_03295,2025-09-23,262
user_02336,2025-04-08,430
user_02583,2025-12-30,164
user_09136,2025-10-30,225
user_04142,2025-12-08,186
user_00084,2025-12-27,167
user_05097,2025-11-18,206
user_04140,2025-10-04,251
user_01498,2025-12-17,177
user_07756,2025-12-17,177
user_03278,2025-09-17,268
user_02940,2025-10-22,233
user_01423,2025-12-26,168
user_08470,2025-07-27,320
user_05948,2025-12-19,175
user_03101,2025-06-14,363
user_05402,2025-10-20,235
user_08874,2025-12-28,166
user_04317,2025-11-03,221
user_05523,2025-12-27,167
user_01392,2025-12-26,168
user_06941,2025-11-18,206
user_06988,2025-12-14,180
user_09389,2025-08-17,299
user_04754,2025-11-21,203
user_00269,2025-10-30,225
user_04741,2025-10-31,224
user_00836,2025-12-19,175
user_03221,2025-12-25,169
user_00276,2025-07-14,333
user_01927,2025-06-11,366
user_07058,2025-07-29,318
user_02824,2025-10-18,237
user_06294,2025-11-29,195
user_05048,2025-11-16,208
user_03921,2025-11-22,202
user_01286,2025-12-08,186
user_06545,2025-12-01,193
user_02847,2025-10-01,254
user_05095,2025-12-30,164
user_07700,2025-10-29,226
user_01830,2025-10-01,254
user_09417,2025-11-02,222
user_07549,2025-12-22,172
user_01045,2025-07-05,342
user_05298,2025-09-29,256
user_08033,2025-12-04,190
user_06284,2025-11-16,208
user_06022,2025-12-19,175
user_06949,2025-03-18,451
user_01030,2025-11-22,202
user_05602,2025-11-29,195
user_06662,2025-11-02,222
user_07875,2025-11-25,199
user_00429,2025-04-14,424
user_04348,2025-12-16,178
user_05292,2025-11-25,199
user_06286,2025-12-11,183
user_07613,2025-11-04,220
user_05029,2025-08-20,296
user_09653,2025-11-23,201
user_06468,2025-12-17,177
user_03263,2025-12-21,173
user_08792,2025-12-24,170
user_00171,2025-11-19,205
user_04168,2025-07-29,318
user_00741,2025-11-24,200
user_02018,2025-11-07,217
user_06226,2025-12-11,183
user_03739,2025-12-09,185
user_00909,2025-12-31,163
user_00863,2025-12-19,175
user_00704,2025-11-16,208
user_04889,2025-08-04,312
user_00104,2025-12-22,172
user_04516,2025-06-18,359
user_04879,2025-10-14,241
user_06944,2025-11-23,201
user_02387,2025-12-27,167
user_09918,2025-10-27,228
user_02222,2025-12-18,176
user_04786,2025-11-14,210
user_06527,2025-11-24,200
user_04186,2025-11-29,195
user_06588,2025-12-13,181
user_00445,2025-02-27,470
user_00107,2025-12-18,176
user_03891,2025-12-21,173
user_04414,2025-11-23,201
user_07478,2025-12-14,180
user_08993,2025-11-28,196
user_02416,2025-12-28,166
user_05676,2025-10-14,241
user_01390,2025-08-08,308
user_08798,2025-12-19,175
user_03982,2025-12-17,177
user_06435,2025-12-23,171
user_09257,2025-12-17,177
user_03501,2025-12-11,183
user_04309,2025-05-10,398
user_04763,2025-07-08,339
user_01432,2025-10-22,233
user_05276,2025-10-13,242
user_00791,2025-12-31,163
user_00907,2025-09-04,281
user_07784,2025-11-02,222
user_03253,2025-10-05,250
user_09931,2025-04-29,409
user_05314,2025-09-26,259
user_02587,2025-10-01,254
user_00598,2025-11-24,200
user_02740,2025-12-16,178
user_02073,2025-07-23,324
user_01438,2025-11-17,207
user_02693,2025-11-06,218
user_02026,2025-11-02,222
user_07307,2025-08-22,294
user_09866,2025-11-05,219
user_07193,2025-12-22,172
user_01503,2025-11-27,197
user_09763,2025-12-02,192
user_06868,2025-12-31,163
user_08363,2025-10-25,230
user_01548,2025-07-20,327
user_07674,2025-11-26,198
user_03015,2025-05-24,384
user_08316,2025-12-29,165
user_09604,2025-12-27,167
user_07422,2025-12-06,188
user_05977,2025-08-20,296
user_02090,2025-12-06,188
user_05663,2025-08-11,305
user_00527,2025-09-16,269
user_01560,2025-07-02,345
user_06884,2025-10-05,250
user_00186,2025-12-31,163
user_08010,2025-10-05,250
user_08701,2025-05-28,380
user_04569,2025-09-01,284
user_04564,2025-10-27,228
user_01659,2025-12-02,192
user_04811,2024-08-04,677
user_01706,2025-08-04,312
user_06908,2025-08-05,311
user_04694,2025-10-22,233
user_09163,2025-10-05,250
user_03462,2025-10-03,252
user_03262,2025-08-29,287
user_08472,2025-06-21,356
user_07255,2025-11-29,195
user_08091,2025-08-29,287
user_03018,2025-12-01,193
user_00489,2025-12-03,191
user_09300,2025-07-03,344
user_01850,2025-12-21,173
user_07361,2025-10-02,253
user_01419,2025-12-18,176
user_06332,2025-12-02,192
user_01426,2025-12-02,192
user_00079,2025-12-04,190
user_01172,2025-11-09,215
user_01754,2025-12-21,173
user_06522,2025-07-28,319
user_04535,2025-12-11,183
user_04560,2025-12-26,168
user_03980,2025-04-26,412
user_03790,2024-09-02,648
user_07161,2025-09-21,264
user_07423,2025-12-21,173
user_06566,2025-08-21,295
user_09940,2025-09-23,262
user_01982,2025-09-16,269
user_06666,2025-10-08,247
user_09544,2025-10-31,224
user_04203,2025-11-05,219
user_05577,2025-05-19,389
user_00430,2025-12-18,176
user_08670,2025-12-23,171
user_03264,2025-10-21,234
user_04234,2025-11-28,196
user_02082,2025-11-21,203
user_08709,2025-06-30,347
user_07365,2025-09-14,271
user_08421,2025-11-26,198
user_09435,2025-10-19,236
user_02929,2025-11-13,211
user_04417,2025-11-23,201
user_06156,2025-12-31,163
user_00083,2025-11-07,217
user_02820,2025-12-22,172
user_04500,2025-12-08,186
user_06346,2025-11-30,194
user_01711,2025-12-14,180
user_09226,2025-12-25,169
user_06269,2025-10-19,236
user_07679,2025-12-15,179
user_06921,2025-08-08,308
user_03571,2025-12-16,178
user_00859,2025-12-14,180
user_05833,2025-09-09,276
user_09843,2025-10-29,226
user_08546,2025-07-02,345
user_07085,2025-12-27,167
user_02998,2025-08-05,311
user_03908,2025-08-19,297
user_03544,2025-12-28,166
user_00655,2025-11-01,223
user_01126,2025-09-03,282
user_01439,2025-12-19,175
user_00370,2025-06-30,347
user_07610,2025-05-21,387
user_03854,2025-06-26,351
user_05461,2025-04-22,416
user_04214,2025-12-07,187
user_04442,2025-11-17,207
user_02303,2025-11-29,195
user_09830,2025-11-01,223
user_05783,2025-11-13,211
user_02116,2025-11-16,208
user_04353,2025-08-12,304
user_04083,2025-10-22,233
user_04926,2025-11-11,213
user_04519,2025-05-26,382
user_09047,2025-11-11,213
user_02215,2025-08-27,289
user_04426,2025-12-06,188
user_01150,2025-12-25,169
user_03162,2025-11-27,197
user_06600,2025-12-06,188
user_00978,2025-06-26,351
user_07212,2025-12-17,177
user_09979,2025-10-13,242
user_02539,2025-11-25,199
user_03542,2025-11-20,204
user_04903,2025-12-13,181
user_05547,2025-11-14,210
user_06042,2025-11-24,200
user_00216,2025-07-24,323
user_03896,2025-06-19,358
user_09603,2025-10-08,247
user_09504,2025-11-07,217
user_00797,2025-07-14,333
user_08607,2025-09-20,265
user_00735,2025-12-10,184
user_06088,2025-11-05,219
user_02183,2025-07-21,326
user_06767,2025-09-30,255
user_01345,2025-12-19,175
user_07125,2025-12-23,171
user_01203,2025-12-20,174
user_06264,2025-04-30,408
user_05813,2025-10-03,252
user_02533,2025-12-21,173
user_02551,2025-12-19,175
user_02804,2025-11-09,215
user_08104,2025-12-07,187
user_02270,2025-11-23,201
user_06066,2025-12-27,167
user_09767,2025-12-19,175
user_00472,2025-12-27,167
user_09102,2025-09-24,261
user_05428,2025-11-21,203
user_04278,2025-10-18,237
user_03294,2025-11-15,209
user_05696,2025-10-26,229
user_04891,2025-12-24,170
user_04781,2025-08-27,289
user_03009,2025-12-21,173
user_09774,2025-12-23,171
user_08562,2025-10-16,239
user_04929,2025-12-27,167
user_00596,2025-12-17,177
user_06827,2025-12-29,165
user_08388,2025-12-11,183
user_06094,2025-11-21,203
user_04992,2025-12-10,184
user_04127,2025-09-26,259
user_01277,2025-11-22,202
user_00654,2025-12-17,177
user_08230,2025-10-19,236
user_09719,2025-05-22,386
user_06310,2025-10-07,248
user_03359,2025-08-17,299
user_08085,2025-03-25,444
user_08932,2025-01-03,525
user_09050,2025-09-04,281
user_04044,2025-12-11,183
user_03277,2025-12-13,181
user_02517,2025-08-17,299
user_01331,2025-12-20,174
user_05188,2025-12-20,174
user_01892,2024-11-07,582
user_01024,2025-11-16,208
user_06043,2025-10-27,228
user_05991,2025-11-02,222
user_06943,2025-12-02,192
user_02764,2025-11-02,222
user_08847,2025-12-01,193
user_05511,2025-10-03,252
user_08122,2025-11-11,213
user_09249,2025-11-13,211
user_02134,2025-12-05,189
user_07104,2025-12-15,179
user_01961,2025-12-27,167
user_01552,2025-12-11,183
user_09607,2025-12-18,176
user_01477,2025-11-25,199
user_04158,2025-10-06,249
user_01579,2025-07-01,346
user_07067,2025-10-31,224
user_01666,2025-09-18,267
user_01958,2025-10-12,243
user_08717,2025-11-08,216
user_00139,2025-09-16,269
user_03903,2024-12-08,551
user_06102,2025-12-17,177
user_07181,2025-09-20,265
user_01337,2025-12-24,170
user_01206,2025-10-20,235
user_07459,2025-12-19,175
user_03864,2025-11-02,222
user_08587,2025-12-21,173
user_02028,2025-08-08,308
user_09051,2025-10-05,250
user_06913,2025-07-20,327
user_07279,2025-12-18,176
user_07993,2025-06-27,350
user_07216,2025-09-07,278
user_01489,2025-12-27,167
user_09721,2025-12-20,174
user_01384,2025-12-19,175
user_08700,2025-10-23,232
user_09445,2025-12-21,173
user_09335,2025-10-24,231
user_03410,2025-10-31,224
user_07813,2025-08-31,285
user_02928,2025-11-16,208
user_04265,2025-11-04,220
user_00354,2025-12-19,175
user_04078,2025-10-13,242
user_04704,2025-12-21,173
user_01275,2025-12-21,173
user_01494,2025-08-25,291
user_07753,2025-09-27,258
user_08305,2025-11-05,219
user_06073,2025-10-23,232
user_00466,2025-12-23,171
user_04586,2025-08-22,294
user_01341,2025-11-18,206
user_05277,2025-06-24,353
user_02840,2025-12-14,180
user_00026,2025-12-30,164
user_06561,2025-08-25,291
user_07693,2025-11-01,223
user_06189,2025-10-15,240
user_06765,2025-10-19,236
user_04571,2025-10-27,228
user_01219,2025-12-06,188
user_05251,2025-12-09,185
user_00265,2025-02-19,478
user_05407,2025-12-06,188
user_03652,2025-10-04,251
user_03870,2025-03-08,461
user_03328,2025-12-10,184
user_09357,2025-09-12,273
user_05968,2025-11-16,208
user_06856,2025-12-03,191
user_05330,2025-12-01,193
user_02530,2025-12-30,164
user_03117,2025-12-03,191
user_07509,2025-11-28,196
user_04228,2025-12-18,176
user_01273,2025-10-07,248
user_03304,2025-10-22,233
user_05151,2025-11-22,202
user_07134,2025-10-19,236
user_04574,2025-11-26,198
user_03204,2025-12-14,180
user_00813,2025-08-30,286
user_04450,2025-08-28,288
user_01444,2025-09-11,274
user_07162,2025-12-11,183
user_07265,2025-11-23,201
user_08345,2024-08-21,660
user_00835,2025-12-11,183
user_08170,2025-12-15,179
user_09898,2025-09-19,266
user_01595,2025-10-30,225
user_00488,2025-12-10,184
user_02227,2025-11-18,206
user_01508,2025-05-05,403
user_04315,2025-10-06,249
user_07956,2025-10-05,250
user_06354,2025-07-11,336
user_03345,2025-11-20,204
user_09053,2025-10-04,251
user_06713,2025-11-22,202
user_00449,2025-12-14,180
user_03849,2025-11-25,199
user_00769,2025-12-20,174
user_04292,2025-08-23,293
user_03574,2025-07-30,317
user_05173,2025-12-12,182
user_00484,2025-10-09,246
user_04713,2025-12-27,167
user_01011,2025-09-16,269
user_08871,2025-12-28,166
user_07342,2025-12-27,167
user_04755,2025-06-10,367
user_09469,2025-10-08,247
user_04411,2025-09-16,269
user_05416,2025-12-11,183
user_00232,2025-05-23,385
user_08594,2025-12-19,175
user_00578,2025-08-06,310
user_08136,2025-07-13,334
user_03301,2025-12-18,176
user_08862,2025-12-15,179
user_05895,2025-12-21,173
user_00818,2024-08-20,661
user_07727,2025-07-31,316
user_06131,2025-10-27,228
user_06889,2025-06-17,360
user_08416,2025-12-08,186
user_00436,2025-12-22,172
user_05739,2025-12-01,193
user_08916,2025-11-04,220
user_06846,2025-12-22,172
user_03044,2025-12-24,170
user_01570,2025-09-01,284
user_01715,2025-10-31,224
user_02121,2025-11-22,202
user_09758,2025-08-13,303
user_00877,2025-12-28,166
user_00867,2025-10-02,253
user_06369,2025-08-17,299
user_06972,2025-10-08,247
user_04708,2025-06-06,371
user_06791,2025-11-30,194
user_09982,2025-11-07,217
user_07761,2025-12-16,178
user_05871,2025-12-28,166
user_01484,2025-08-02,314
user_07879,2025-11-13,211
user_07777,2025-12-25,169
user_00503,2025-10-01,254
user_06863,2025-12-08,186
user_00182,2025-11-10,214
user_02068,2025-11-17,207
user_09265,2025-11-30,194
user_01048,2025-12-11,183
user_09699,2025-12-16,178
user_00816,2025-12-26,168
user_08830,2025-04-28,410
user_03950,2025-11-10,214
user_04485,2025-02-09,488
user_03583,2025-07-18,329
user_04616,2025-12-01,193
user_04425,2025-05-22,386
user_05934,2025-12-15,179
user_08705,2025-12-04,190
user_07717,2025-10-16,239
user_03268,2025-12-16,178
user_01654,2025-12-07,187
user_09962,2025-07-20,327
user_07755,2025-08-22,294
user_00629,2025-01-23,505
user_08913,2025-12-29,165
user_02913,2025-12-08,186
user_01156,2025-11-15,209
user_01649,2025-12-17,177
user_06641,2025-07-12,335
user_02284,2025-11-22,202
user_01332,2025-12-11,183
user_08060,2025-11-25,199
user_00692,2025-08-08,308
user_09837,2025-03-21,448
user_05782,2025-12-24,170
user_09493,2025-06-01,376
user_00166,2025-12-30,164
user_05393,2025-12-04,190
user_02841,2025-12-20,174
user_07794,2025-10-03,252
user_00948,2025-10-09,246
user_08368,2025-07-24,323
user_02723,2025-09-16,269
user_06004,2025-09-22,263
user_01060,2025-09-27,258
user_05746,2025-12-24,170
user_09848,2025-12-09,185
user_05719,2025-07-05,342
user_09132,2025-12-28,166
user_02616,2025-11-01,223
user_01726,2025-10-28,227
user_06219,2025-11-09,215
user_01934,2025-07-21,326
user_03518,2025-12-22,172
user_07707,2025-11-30,194
user_08945,2025-10-28,227
user_05353,2025-12-28,166
user_06905,2025-12-13,181
user_05121,2025-06-18,359
user_05596,2025-02-18,479
user_02556,2025-10-17,238
user_08989,2025-06-16,361
user_01703,2025-04-06,432
user_06903,2025-12-20,174
user_09615,2025-11-21,203
user_02156,2025-11-29,195
user_03434,2025-12-16,178
user_09324,2025-12-30,164
user_08831,2025-12-31,163
user_03477,2025-08-07,309
user_03153,2025-10-10,245
user_02834,2025-08-03,313
user_05694,2025-09-11,274
user_00184,2025-03-29,440
user_09371,2025-10-21,234
user_08665,2025-11-20,204
user_02826,2025-12-06,188
user_06103,2025-12-03,191
user_05439,2025-12-28,166
user_08922,2025-11-06,218
user_08245,2025-09-08,277
user_03211,2025-08-25,291
user_00904,2025-10-30,225
user_06658,2025-11-19,205
user_08159,2024-08-26,655
user_00808,2025-07-06,341
user_02438,2025-11-20,204
user_02702,2025-11-28,196
user_00558,2025-12-26,168
user_07117,2025-11-19,205
user_03895,2025-09-11,274
user_05743,2025-08-19,297
user_06095,2025-10-10,245
user_05685,2025-11-28,196
user_01368,2025-12-24,170
user_08194,2025-10-06,249
user_02720,2025-12-09,185
user_06964,2025-11-23,201
user_00433,2025-12-11,183
user_00396,2025-12-03,191
user_09266,2025-12-16,178
user_00015,2025-08-18,298
user_00065,2025-11-24,200
user_09071,2025-11-10,214
user_07539,2025-11-19,205
user_05058,2025-11-07,217
user_06823,2025-12-01,193
user_08080,2025-08-05,311
user_09926,2025-06-27,350
user_02759,2025-08-18,298
user_01747,2025-11-12,212
user_09061,2025-09-03,282
user_02570,2025-12-24,170
user_01562,2025-12-28,166
user_02180,2025-07-14,333
user_06571,2025-08-14,302
user_05911,2025-09-06,279
user_00766,2025-12-19,175
user_04215,2025-12-22,172
user_04657,2025-10-16,239
user_04270,2025-10-24,231
user_04134,2025-11-17,207
user_09353,2025-09-29,256
user_04818,2025-11-04,220
user_03457,2025-12-04,190
user_07170,2025-11-30,194
user_03242,2025-12-29,165
user_05341,2025-11-04,220
user_09684,2025-08-22,294
user_08471,2025-04-08,430
user_04068,2025-09-22,263
user_00902,2025-10-02,253
user_03392,2025-10-16,239
user_00061,2025-10-17,238
user_05043,2025-10-30,225
user_05569,2025-10-27,228
user_05185,2025-11-30,194
user_08803,2025-12-22,172
user_05564,2025-12-12,182
user_03151,2025-10-18,237
user_04347,2025-06-20,357
user_05040,2025-09-27,258
user_04176,2025-11-14,210
user_00467,2025-09-25,260
user_08652,2025-12-14,180
user_08119,2025-06-08,369
user_04488,2025-09-30,255
user_09937,2025-08-18,298
user_07237,2025-11-20,204
user_08712,2025-10-05,250
user_01749,2025-09-19,266
user_00134,2025-08-13,303
user_00975,2025-11-17,207
user_00034,2025-12-12,182
user_05063,2025-12-29,165
user_07672,2025-07-20,327
user_09010,2025-12-20,174
user_05492,2025-06-14,363
user_07520,2025-07-17,330
user_06872,2025-09-09,276
user_00973,2025-06-28,349
user_09138,2025-12-10,184
user_06692,2025-11-02,222
user_03599,2025-10-14,241
user_08313,2025-12-25,169
user_08403,2025-12-11,183
user_01852,2025-12-03,191
user_05430,2025-12-29,165
user_00478,2025-12-08,186
user_05421,2025-11-09,215
user_06304,2025-12-19,175
user_02866,2025-12-15,179
user_01256,2025-11-07,217
user_03573,2025-09-04,281
user_00526,2025-09-27,258
user_03696,2025-12-22,172
user_04756,2025-08-03,313
user_07400,2025-11-20,204
user_02730,2025-05-24,384
user_09981,2025-10-25,230
user_09261,2025-12-19,175
user_07224,2025-07-15,332
user_03814,2025-12-25,169
user_07408,2025-12-09,185
user_04243,2025-12-27,167
user_05415,2025-12-24,170
user_05907,2025-12-30,164
user_03181,2025-12-03,191
user_01056,2025-10-26,229
user_01157,2025-10-02,253
user_01022,2025-06-21,356
user_01651,2025-12-05,189
user_07981,2025-11-08,216
user_07392,2025-12-20,174
user_08731,2025-08-04,312
user_02657,2025-02-02,495
user_06968,2025-11-17,207
user_04788,2025-11-23,201
user_01631,2025-11-29,195
user_00967,2025-11-08,216
user_03137,2025-03-26,443
user_06445,2025-12-08,186
user_09632,2025-09-12,273
user_03869,2025-12-13,181
user_05705,2025-04-22,416
user_07954,2025-08-06,310
user_08694,2025-12-19,175
user_04887,2025-08-22,294
user_01721,2025-08-27,289
user_03907,2025-11-27,197
user_05109,2025-12-16,178
user_08217,2025-12-09,185
user_06058,2025-05-10,398
user_07406,2025-11-30,194
user_07100,2025-12-12,182
user_02568,2025-10-27,228
user_05851,2025-10-13,242
user_04510,2025-11-03,221
user_04453,2025-06-09,368
user_07197,2025-12-21,173
user_00962,2025-12-20,174
user_06381,2025-12-09,185
user_01612,2025-08-30,286
user_06603,2025-08-20,296
user_03306,2025-12-29,165
user_08263,2025-12-06,188
user_01204,2025-12-05,189
user_07451,2025-10-26,229
user_06625,2025-09-05,280
user_03820,2025-12-09,185
user_03798,2025-09-15,270
user_06034,2025-03-26,443
user_06479,2025-09-19,266
user_02706,2025-12-24,170
user_07402,2025-07-08,339
user_02728,2025-12-02,192
user_07002,2025-10-01,254
user_05176,2025-12-29,165
user_00279,2025-12-25,169
user_07160,2025-09-24,261
user_01564,2025-08-27,289
user_09860,2025-12-26,168
user_03901,2025-07-29,318
user_08189,2025-11-11,213
user_08418,2025-11-18,206
user_04974,2025-08-06,310
user_07818,2025-09-10,275
user_00825,2025-12-14,180
user_06232,2025-09-13,272
user_06317,2025-11-03,221
user_07186,2025-10-20,235
user_08051,2025-09-30,255
user_00492,2025-09-16,269
user_00748,2025-12-16,178
user_00199,2025-12-06,188
user_06434,2025-12-21,173
user_02383,2025-12-26,168
user_08532,2025-12-19,175
user_00697,2025-05-17,391
user_07603,2025-07-29,318
user_04005,2025-12-24,170
user_05010,2025-09-15,270
user_08901,2024-09-09,641
user_08501,2025-12-24,170
user_05830,2025-11-12,212
user_08981,2025-12-09,185
user_05340,2025-11-01,223
user_00349,2025-12-24,170
user_09555,2025-12-26,168
user_07991,2025-04-19,419
user_00691,2025-11-25,199
user_00208,2025-11-02,222
user_01264,2025-04-27,411
user_08834,2025-11-04,220
user_05514,2025-12-02,192
user_05764,2025-12-08,186
user_05964,2025-08-23,293
user_09709,2025-12-31,163
user_00627,2025-09-27,258
user_04819,2025-05-06,402
user_05368,2025-11-04,220
user_06930,2025-12-31,163
user_03675,2025-12-03,191
user_05226,2025-09-08,277
user_07575,2025-11-05,219
user_06955,2025-12-29,165
user_01521,2025-05-06,402
user_08248,2025-11-25,199
user_06289,2025-12-24,170
user_03965,2025-11-19,205
user_01944,2025-12-28,166
user_04297,2025-12-31,163
user_06143,2025-12-16,178
user_03725,2025-12-11,183
user_05157,2025-12-29,165
user_02127,2025-12-24,170
user_02595,2025-10-20,235
user_06699,2025-10-28,227
user_07745,2025-11-13,211
user_07364,2025-09-05,280
user_02363,2025-06-04,373
user_02697,2025-11-06,218
user_05117,2025-11-01,223
user_07977,2025-10-29,226
user_06093,2025-04-25,413
user_04196,2025-08-21,295
user_01639,2025-11-17,207
user_02236,2025-09-18,267
user_04686,2025-10-08,247
user_06072,2025-09-28,257
user_08057,2025-12-27,167
user_00030,2025-12-04,190
user_04826,2025-08-12,304
user_04464,2025-05-11,397
user_03250,2025-10-30,225
user_00732,2025-09-06,279
user_03662,2025-12-30,164
user_04844,2025-11-10,214
user_00421,2025-07-13,334
user_02046,2025-10-30,225
user_08832,2025-12-03,191
user_01346,2025-12-11,183
user_05972,2025-10-10,245
user_04908,2025-12-09,185
user_01872,2025-12-17,177
user_04780,2025-07-29,318
user_07942,2025-10-29,226
user_01239,2025-11-14,210
user_09540,2025-11-02,222
user_06862,2025-10-01,254
user_00016,2025-09-20,265
user_03033,2025-12-31,163
user_08045,2025-12-26,168
user_07040,2025-07-06,341
user_03180,2025-06-20,357
user_01942,2025-12-25,169
user_01647,2025-12-22,172
user_05608,2025-12-05,189
user_01013,2025-11-15,209
user_05475,2025-10-18,237
user_09476,2025-08-14,302
user_05725,2025-10-28,227
user_01903,2025-12-30,164
user_00048,2025-10-14,241
user_05396,2025-08-18,298
user_08723,2025-12-05,189
user_01006,2025-10-07,248
user_06047,2025-11-12,212
user_09159,2025-10-04,251
user_06312,2025-09-28,257
user_07049,2025-10-27,228
user_06017,2025-11-12,212
user_07272,2025-09-23,262
user_00364,2025-12-09,185
user_06834,2025-11-28,196
user_02266,2025-05-15,393
user_06020,2025-12-23,171
user_03455,2025-10-10,245
user_04942,2025-10-15,240
user_04413,2025-05-24,384
user_02071,2025-11-12,212
user_07845,2025-10-14,241
user_05520,2025-10-06,249
user_06428,2025-12-01,193
user_03214,2025-09-06,279
user_09155,2025-05-11,397
user_08810,2025-09-05,280
user_07281,2025-12-26,168
user_00923,2025-11-03,221
user_03927,2025-12-21,173
user_04740,2025-09-09,276
user_03075,2025-08-20,296
user_04530,2025-10-17,238
user_02433,2025-08-25,291
user_06840,2025-07-25,322
user_07507,2025-11-09,215
user_06620,2025-12-08,186
user_04183,2025-12-27,167
user_03070,2025-12-28,166
user_01646,2025-11-08,216
user_08156,2025-12-09,185
user_00437,2025-09-22,263
user_01551,2025-10-01,254
user_00305,2025-03-25,444
user_09377,2025-11-20,204
user_02262,2025-12-30,164
user_06407,2025-10-16,239
user_02734,2025-10-21,234
user_06794,2025-09-13,272
user_04698,2025-12-10,184
user_07605,2025-12-13,181
user_05201,2025-12-24,170
user_03286,2025-12-18,176
user_03212,2025-10-29,226
user_09486,2025-06-20,357
user_01221,2025-11-28,196
user_02791,2025-10-13,242
user_02976,2025-09-28,257
user_05992,2025-12-28,166
user_08095,2025-10-12,243
user_00590,2025-12-23,171
user_08129,2025-10-01,254
user_01284,2025-11-02,222
user_08827,2025-10-02,253
user_02249,2025-07-03,344
user_09749,2025-11-01,223
user_05178,2025-12-11,183
user_09432,2025-11-14,210
user_04570,2025-11-04,220
user_01933,2025-12-24,170
user_05508,2025-12-09,185
user_09064,2025-12-24,170
user_01621,2025-12-22,172
user_07236,2025-11-12,212
user_05204,2025-10-06,249
user_07859,2025-12-30,164
user_01460,2025-12-20,174
user_07935,2025-12-16,178
user_08048,2025-12-13,181
user_01881,2025-08-23,293
user_06800,2025-12-27,167
user_01488,2025-11-02,222
user_08690,2025-11-01,223
user_05211,2025-08-11,305
user_05473,2025-08-16,300
user_02065,2025-12-04,190
user_09250,2025-09-29,256
user_04288,2025-11-15,209
user_09692,2025-09-18,267
user_06822,2025-06-26,351
user_06845,2025-11-20,204
user_05749,2025-06-20,357
user_04573,2025-09-03,282
user_03466,2025-12-09,185
user_03676,2025-12-25,169
user_04585,2025-10-09,246
user_01080,2025-09-10,275
user_00007,2025-12-30,164
user_07746,2025-11-29,195
user_06612,2025-12-16,178
user_01302,2025-12-05,189
user_04034,2025-12-12,182
user_04850,2025-10-27,228
user_09546,2025-12-06,188
user_01918,2025-09-07,278
user_07078,2025-12-25,169
user_03475,2025-12-21,173
user_04241,2025-11-11,213
user_09426,2025-11-29,195
user_09524,2025-12-10,184
user_03179,2025-08-21,295
user_07488,2025-10-30,225
user_02802,2025-11-24,200
user_07351,2025-12-13,181
user_07868,2025-11-28,196
user_03608,2025-10-15,240
user_01319,2025-12-07,187
user_08767,2025-12-24,170
user_08055,2025-11-28,196
user_03078,2025-12-20,174
user_08427,2025-05-30,378
user_09657,2025-10-24,231
user_08668,2025-08-07,309
user_01957,2025-11-14,210
user_08223,2025-12-21,173
user_09900,2025-10-04,251
user_01109,2025-12-11,183
user_07249,2025-12-10,184
user_09522,2025-11-24,200
user_06788,2025-10-27,228
user_02462,2025-12-10,184
user_05342,2025-11-22,202
user_05080,2025-01-30,498
user_04490,2025-10-10,245
user_08763,2025-12-03,191
user_04026,2025-10-06,249
user_00866,2025-06-07,370
user_09254,2025-09-08,277
user_01561,2025-12-24,170
user_02687,2025-12-28,166
user_05144,2025-12-24,170
user_01400,2025-12-15,179
user_08971,2025-12-27,167
user_03560,2025-11-29,195
user_08448,2025-12-18,176
user_04313,2025-07-14,333
user_00468,2025-12-06,188
user_01547,2025-11-09,215
user_03747,2025-11-18,206
user_09348,2025-12-01,193
user_05403,2025-11-26,198
user_00830,2025-12-15,179
user_05760,2025-11-17,207
user_02304,2025-11-26,198
user_00154,2025-12-16,178
user_00533,2025-09-30,255
user_08360,2025-11-01,223
user_05423,2025-12-13,181
user_07576,2025-12-08,186
user_08766,2025-10-17,238
user_02503,2025-05-14,394
user_02364,2025-11-08,216
user_00852,2025-12-14,180
user_04592,2025-10-30,225
user_03191,2025-10-15,240
user_06205,2025-07-29,318
user_06409,2025-12-14,180
user_09746,2025-12-07,187
user_08848,2025-09-27,258
user_02424,2025-11-09,215
user_07876,2025-12-04,190
user_01673,2025-09-23,262
user_03586,2025-11-18,206
user_06025,2025-11-14,210
user_00733,2025-12-23,171
user_06689,2025-08-16,300
user_07159,2025-11-26,198
user_01748,2025-12-27,167
user_00120,2025-12-15,179
user_05270,2025-12-05,189
user_04622,2025-10-03,252
user_02132,2025-12-29,165
user_05356,2025-11-24,200
user_00639,2025-11-29,195
user_02290,2025-07-09,338
user_06097,2025-10-16,239
user_04391,2025-07-21,326
user_00541,2025-12-02,192
user_07466,2025-12-11,183
user_07269,2025-11-21,203
user_00475,2025-11-18,206
user_03879,2025-09-15,270
user_04269,2025-12-13,181
user_03680,2025-05-27,381
user_01281,2025-12-25,169
user_04061,2025-12-27,167
user_01070,2025-12-18,176
user_02234,2025-08-24,292
user_05192,2025-12-29,165
user_08695,2025-05-01,407
user_09685,2025-09-22,263
user_08466,2025-11-30,194
user_09579,2025-12-11,183
user_00122,2025-11-06,218
user_06081,2025-11-07,217
user_04470,2024-12-09,550
user_07503,2025-11-29,195
user_01039,2025-11-09,215
user_03312,2025-12-13,181
user_07452,2025-08-07,309
user_06645,2025-11-15,209
user_08850,2025-07-24,323
user_09211,2025-08-30,286
user_03189,2025-09-12,273
user_05099,2025-10-31,224
user_05184,2025-11-18,206
user_07220,2025-10-26,229
user_06283,2025-11-25,199
user_00315,2025-11-28,196
user_06781,2025-03-18,451
user_07030,2025-05-28,380
user_04951,2025-09-09,276
user_04423,2025-09-05,280
user_06747,2025-12-18,176
user_07647,2025-07-19,328
user_08049,2025-12-10,184
user_04835,2025-10-05,250
user_04828,2025-11-07,217
user_06070,2025-11-25,199
user_06634,2025-12-02,192
user_01098,2025-04-25,413
user_02640,2025-11-02,222
user_02538,2025-11-22,202
user_09452,2025-06-17,360
user_07059,2025-12-06,188
user_07021,2025-12-22,172
user_02641,2025-12-26,168
user_04928,2025-08-28,288
user_04254,2025-11-21,203
user_08651,2025-12-30,164
user_06755,2025-11-13,211
user_08082,2025-07-08,339
user_02295,2025-09-29,256
user_08849,2025-11-01,223
user_08629,2025-10-25,230
user_03310,2025-06-23,354
user_07971,2025-12-13,181
user_01015,2025-04-10,428
user_03256,2025-08-13,303
user_07462,2025-12-30,164
user_07033,2025-09-23,262
user_09536,2025-08-12,304
user_00968,2025-11-09,215
user_06679,2025-11-12,212
user_05155,2025-06-04,373
user_02944,2025-12-03,191
user_04789,2025-08-14,302
user_07923,2025-11-22,202
user_05638,2025-12-23,171
user_09677,2025-11-30,194
user_00833,2025-11-16,208
user_02528,2025-03-23,446
user_04273,2025-10-03,252
user_01076,2025-12-24,170
user_06084,2025-11-30,194
user_04201,2025-10-05,250
user_04022,2025-10-30,225
user_01960,2025-12-05,189
user_04112,2025-12-28,166
user_05237,2025-11-28,196
user_08619,2025-10-16,239
user_08239,2025-07-15,332
user_08662,2025-12-13,181
user_02871,2025-12-08,186
user_03473,2025-12-18,176
user_07749,2025-10-06,249
user_07917,2025-06-10,367
user_08750,2025-01-31,497
user_05304,2025-12-25,169
user_01176,2025-09-04,281
user_00853,2025-08-01,315
user_01058,2025-12-08,186
user_07274,2025-11-23,201
user_04173,2025-11-22,202
user_00727,2025-11-21,203
user_08528,2025-11-11,213
user_02375,2025-09-17,268
user_05658,2025-12-10,184
user_04298,2025-12-22,172
user_02117,2025-09-27,258
user_06336,2025-12-10,184
user_06064,2025-12-07,187
user_08964,2025-12-02,192
user_03216,2025-10-09,246
user_01810,2025-12-31,163
user_04661,2025-08-25,291
user_04434,2025-12-18,176
user_05331,2025-10-21,234
user_04126,2025-12-25,169
user_07047,2025-07-16,331
user_08268,2025-10-26,229
user_09448,2025-12-13,181
user_08745,2025-12-01,193
user_01446,2025-08-28,288
user_08439,2025-07-27,320
user_02288,2025-12-25,169
user_06653,2025-12-08,186
user_04831,2025-09-24,261
user_03606,2025-09-08,277
user_06830,2025-10-30,225
user_06981,2025-10-06,249
user_07320,2025-12-24,170
user_02930,2025-11-24,200
user_01371,2025-09-03,282
user_00424,2025-09-04,281
user_09755,2025-10-28,227
user_09281,2025-12-29,165
user_06091,2025-10-04,251
user_06001,2025-07-24,323
user_01725,2025-11-28,196
user_06426,2025-11-29,195
user_09095,2025-11-13,211
user_04373,2025-10-11,244
user_05435,2025-09-17,268
user_04947,2025-10-17,238
user_07399,2025-07-28,319
user_00888,2025-12-23,171
user_09871,2025-11-13,211
user_08520,2025-08-03,313
user_07301,2025-11-15,209
user_04823,2025-07-28,319
user_07902,2025-10-10,245
user_08876,2025-10-29,226
user_04632,2025-12-25,169
user_01137,2025-10-17,238
user_09764,2025-05-17,391
user_07652,2025-09-11,274
user_05375,2025-11-26,198
user_06503,2025-12-02,192
user_06212,2025-09-25,260
user_01956,2025-05-07,401
user_08240,2025-10-01,254
user_05965,2025-04-20,418
user_01567,2025-08-23,293
user_00075,2025-04-26,412
user_04012,2025-05-01,407
user_06238,2025-11-09,215
user_08943,2025-12-21,173
user_01893,2025-08-07,309
user_03516,2025-12-31,163
user_02868,2025-11-27,197
user_06291,2025-10-14,241
user_01896,2025-12-17,177
user_06694,2025-11-18,206
user_02000,2025-11-28,196
user_08224,2025-12-18,176
user_05735,2025-04-25,413
user_00397,2025-07-20,327
user_04888,2025-12-18,176
user_02359,2025-09-26,259
user_03230,2025-11-18,206
user_08581,2025-12-16,178
user_01502,2025-12-21,173
user_00245,2025-12-15,179
user_08864,2025-10-26,229
user_07037,2025-08-30,286
user_07621,2025-09-15,270
user_04221,2025-11-20,204
user_00258,2025-06-15,362
user_04056,2025-12-21,173
user_01939,2025-12-12,182
user_03356,2025-10-02,253
user_07414,2025-12-22,172
user_06451,2025-11-20,204
user_02722,2025-10-23,232
user_09534,2025-12-12,182
user_06462,2025-10-03,252
user_01517,2025-10-20,235
user_08040,2025-12-17,177
user_02019,2025-11-09,215
user_00170,2025-08-12,304
user_07016,2025-12-16,178
user_08026,2025-08-01,315
user_05411,2025-12-05,189
user_02984,2025-12-07,187
user_06667,2025-07-21,326
user_07705,2025-05-29,379
user_05243,2025-12-12,182
user_02505,2025-11-25,199
user_03659,2025-12-18,176
user_09119,2025-11-08,216
user_06175,2025-12-17,177
user_07345,2025-09-18,267
user_04868,2025-12-05,189
user_09846,2025-11-11,213
user_07419,2025-11-18,206
user_03905,2025-06-17,360
user_01443,2025-08-19,297
user_04705,2025-11-24,200
user_07662,2025-12-23,171
user_06998,2025-04-30,408
user_09865,2025-08-10,306
user_09143,2025-11-14,210
user_04045,2025-12-06,188
user_01398,2025-09-21,264
user_09682,2025-11-01,223
user_05996,2025-06-12,365
user_08183,2025-08-21,295
user_04568,2025-10-29,226
user_09001,2025-11-06,218
user_00914,2025-11-01,223
user_00719,2025-11-08,216
user_03472,2025-06-01,376
user_09340,2025-09-29,256
user_05453,2025-10-28,227
user_00714,2025-11-23,201
user_07829,2025-10-12,243
user_00238,2025-11-07,217
user_06003,2025-11-01,223
user_05829,2025-11-27,197
user_02731,2025-09-05,280
user_02542,2025-08-23,293
user_01052,2025-11-29,195
user_04620,2025-12-06,188
user_01520,2025-11-17,207
user_00857,2025-10-17,238
user_00374,2025-10-27,228
user_02545,2025-10-03,252
user_07552,2025-12-25,169
user_09355,2025-12-18,176
user_07482,2025-11-02,222
user_05528,2025-12-15,179
user_08795,2025-10-22,233
user_01394,2025-11-09,215
user_09716,2025-12-16,178
user_04914,2025-09-09,276
user_03799,2024-10-19,601
user_00547,2025-10-07,248
user_04792,2025-07-07,340
user_09126,2025-10-19,236
user_08257,2025-10-13,242
user_09145,2025-09-12,273
user_03124,2025-11-19,205
user_08191,2025-11-10,214
user_04981,2025-12-20,174
user_06544,2025-09-05,280
user_04717,2025-10-07,248
user_06875,2025-12-19,175
user_03742,2025-12-13,181
user_09922,2025-09-06,279
user_06804,2025-10-26,229
user_02903,2025-12-29,165
user_05967,2025-07-14,333
user_05717,2025-10-26,229
user_08846,2025-12-31,163
user_05789,2025-09-24,261
user_07925,2025-12-11,183
user_07737,2025-12-30,164
user_00203,2025-11-13,211
user_07153,2025-10-29,226
user_05007,2025-12-11,183
user_01366,2025-07-23,324
user_07180,2025-11-24,200
user_03661,2025-07-04,343
user_02632,2025-11-22,202
user_01645,2025-07-20,327
user_07542,2025-11-23,201
user_02169,2025-08-21,295
user_06349,2025-09-10,275
user_04014,2025-10-05,250
user_02091,2025-07-31,316
user_00481,2025-05-15,393
user_02188,2025-12-20,174
user_04418,2025-12-24,170
user_04678,2025-12-11,183
user_02729,2025-11-24,200
user_09735,2025-12-21,173
user_09905,2024-12-22,537
user_09146,2025-11-03,221
user_05347,2025-07-31,316
user_02536,2025-12-10,184
user_08727,2025-10-07,248
user_03764,2025-10-10,245
user_04838,2025-10-19,236
user_05383,2025-10-05,250
user_09472,2025-11-23,201
user_08172,2025-10-26,229
user_05491,2025-12-17,177
user_04778,2025-10-28,227
user_08657,2025-12-11,183
user_05351,2025-12-28,166
user_09698,2025-10-29,226
user_04198,2025-11-05,219
user_07331,2025-12-12,182
user_08120,2025-11-06,218
user_00999,2025-12-10,184
user_09060,2025-08-11,305
user_06647,2025-11-21,203
user_04120,2025-08-23,293
user_04058,2025-11-10,214
user_02187,2025-12-21,173
user_03316,2025-08-13,303
user_02869,2025-11-20,204
user_04060,2025-09-23,262
user_08505,2025-12-26,168
user_01858,2025-12-02,192
user_04834,2025-03-26,443
user_07861,2025-11-25,199
user_05147,2025-02-20,477
user_06062,2025-12-29,165
user_07918,2025-12-10,184
user_07869,2025-12-23,171
user_05726,2025-11-06,218
user_06983,2025-11-04,220
user_09349,2025-12-25,169
user_08334,2025-11-15,209
user_09689,2025-09-03,282
user_00463,2025-10-27,228
user_04683,2025-08-29,287
user_03693,2025-12-22,172
user_03629,2025-12-11,183
user_05681,2025-11-29,195
user_05591,2025-06-05,372
user_02772,2025-11-30,194
user_03978,2025-12-22,172
user_08455,2025-05-26,382
user_06635,2025-11-20,204
user_08564,2025-05-14,394
user_02501,2025-12-24,170
user_05328,2025-12-16,178
user_08297,2025-10-21,234
user_09816,2025-12-11,183
user_06009,2025-12-17,177
user_01064,2025-12-03,191
user_03635,2025-12-16,178
user_08088,2025-09-13,272
user_06680,2025-11-18,206
user_09007,2025-12-05,189
user_09368,2025-12-18,176
user_07537,2025-08-07,309
user_07515,2025-12-14,180
user_00557,2025-11-20,204
user_00990,2025-11-20,204
user_07448,2025-12-14,180
user_08938,2025-09-28,257
user_03792,2025-11-15,209
user_09588,2025-11-27,197
user_01293,2025-08-31,285
user_08262,2025-11-01,223
user_08110,2025-06-30,347
user_07821,2025-11-10,214
user_08666,2025-09-06,279
user_07052,2025-11-16,208
user_07294,2025-12-13,181
user_02579,2025-12-12,182
user_09330,2025-11-21,203
user_02036,2025-06-18,359
user_03698,2025-12-18,176
user_00161,2025-12-02,192
user_06504,2025-10-15,240
user_04482,2025-07-14,333
user_03688,2025-12-04,190
user_01911,2025-11-12,212
user_04148,2025-10-11,244
user_06254,2025-05-28,380
user_07765,2025-12-23,171
user_08302,2025-10-20,235
user_00768,2025-07-11,336
user_08808,2025-10-28,227
user_00569,2025-12-06,188
user_04180,2025-12-26,168
user_03259,2025-08-27,289
user_09998,2025-09-10,275
user_00947,2025-12-31,163
user_09167,2025-11-26,198
user_09217,2025-10-22,233
user_09859,2025-12-31,163
user_06498,2025-09-26,259
user_00690,2025-10-19,236
user_07580,2025-07-15,332
user_08114,2025-11-06,218
user_01378,2025-07-08,339
user_06133,2025-11-14,210
user_00185,2025-12-13,181
user_05189,2025-12-08,186
user_08323,2025-12-31,163
user_06485,2025-10-02,253
user_04723,2025-08-25,291
user_00989,2025-11-01,223
user_08804,2025-12-25,169
user_05560,2025-12-15,179
user_09118,2025-09-01,284
user_01458,2025-09-20,265
user_04543,2025-09-02,283
user_08337,2025-12-06,188
user_00994,2025-10-13,242
user_04581,2025-12-11,183
user_02056,2025-11-10,214
user_08445,2025-11-30,194
user_00348,2025-08-29,287
user_07616,2025-11-04,220
user_06040,2025-12-19,175
user_05562,2025-12-14,180
user_03335,2025-12-13,181
user_08507,2025-11-03,221
user_00829,2025-08-08,308
user_03228,2025-12-31,163
user_04878,2025-12-20,174
user_05823,2025-12-04,190
user_08927,2025-12-22,172
user_05741,2025-12-12,182
user_06592,2025-12-14,180
user_01042,2025-08-12,304
user_06919,2025-12-26,168
user_05470,2025-12-07,187
user_06810,2025-12-13,181
user_01883,2025-07-12,335
user_02050,2025-12-15,179
user_03827,2025-06-14,363
user_06280,2025-11-03,221
user_03761,2025-12-09,185
user_04531,2025-09-11,274
user_01635,2025-10-23,232
user_06563,2025-10-29,226
user_04253,2025-04-27,411
user_03026,2025-11-26,198
user_03165,2025-11-05,219
user_02150,2025-11-29,195
user_07669,2025-12-17,177
user_04922,2025-05-27,381
user_07670,2025-10-15,240
user_01765,2025-11-24,200
user_00561,2025-12-29,165
user_02341,2025-09-04,281
user_04407,2025-11-12,212
user_00798,2025-12-16,178
user_04352,2025-08-01,315
user_08315,2025-09-18,267
user_00993,2025-12-04,190
user_09743,2025-08-05,311
user_07514,2025-11-02,222
user_08487,2025-09-14,271
user_00096,2025-12-20,174
user_02352,2025-09-05,280
user_06417,2025-12-08,186
user_02023,2025-11-23,201
user_09315,2025-12-02,192
user_03235,2025-10-04,251
user_02653,2025-09-29,256
user_02047,2025-12-01,193
user_08228,2025-09-07,278
user_03729,2025-12-10,184
user_04986,2025-05-19,389
user_04691,2025-08-29,287
user_00382,2025-12-18,176
user_07997,2025-12-14,180
user_00447,2025-11-05,219
user_05084,2025-10-28,227
user_00408,2025-12-26,168
user_06576,2025-12-20,174
user_09705,2025-12-01,193
user_07773,2025-07-22,325
user_02058,2025-11-26,198
user_02936,2025-12-02,192
user_04642,2025-12-04,190
user_05755,2025-12-02,192
user_02626,2025-12-27,167
user_03694,2025-12-13,181
user_05357,2025-09-23,262
user_08759,2025-11-15,209
user_06787,2025-08-18,298
user_09461,2025-10-29,226
user_05728,2025-10-22,233
user_01971,2025-12-08,186
user_05639,2025-12-28,166
user_09980,2025-12-08,186
user_07682,2025-08-03,313
user_07677,2025-11-26,198
user_02441,2025-12-10,184
user_09245,2025-12-04,190
user_02550,2025-12-31,163
user_02986,2025-09-19,266
user_06278,2025-12-25,169
user_00900,2025-12-20,174
user_04217,2025-10-25,230
user_00536,2025-10-16,239
user_00855,2025-10-12,243
user_05576,2025-11-05,219
user_01097,2025-12-19,175
user_09032,2025-01-20,508
user_09072,2025-12-25,169
user_01357,2025-11-12,212
user_09283,2025-12-11,183
user_03758,2025-11-25,199
user_00763,2025-12-13,181
user_05012,2025-12-29,165
user_09081,2025-10-20,235
user_04031,2025-12-13,181
user_01300,2025-11-27,197
user_00809,2025-10-07,248
user_03049,2025-09-11,274
user_04306,2025-12-30,164
user_03326,2025-10-15,240
user_03992,2025-12-23,171
user_01435,2025-08-08,308
user_06157,2025-09-24,261
user_05615,2025-11-01,223
user_06414,2025-12-02,192
user_00603,2025-09-21,264
user_06520,2025-12-26,168
user_06813,2025-10-30,225
user_04738,2025-10-31,224
user_01740,2025-11-10,214
user_02675,2025-11-02,222
user_07101,2025-09-09,276
user_06224,2025-08-16,300
user_09547,2025-12-07,187
user_00012,2025-10-01,254
user_01559,2025-12-23,171
user_01848,2025-07-02,345
user_01230,2025-07-27,320
user_05820,2025-10-09,246
user_09978,2025-10-22,233
user_01118,2025-12-03,191
user_05123,2025-12-06,188
user_04774,2025-11-14,210
user_06183,2025-10-12,243
user_01418,2025-12-14,180
user_08182,2025-12-29,165
user_02582,2025-11-15,209
user_05468,2025-12-25,169
user_01941,2025-11-21,203
user_03746,2025-11-02,222
user_00601,2025-12-15,179
user_09477,2025-12-02,192
user_05486,2025-07-18,329
user_03412,2025-11-07,217
user_02773,2025-09-25,260
user_08645,2025-11-30,194
user_02945,2025-11-06,218
user_02714,2025-11-15,209
user_02783,2025-12-28,166
user_04276,2025-09-17,268
user_08210,2025-07-18,329
user_01887,2025-04-19,419
user_07982,2025-11-02,222
user_07946,2025-11-14,210
user_00099,2025-12-06,188
user_07369,2025-12-20,174
user_06624,2025-11-25,199
user_06829,2025-12-27,167
user_01513,2025-10-15,240
user_03333,2025-12-11,183
user_05766,2025-12-12,182
user_04917,2025-12-07,187
user_01862,2025-09-25,260
user_07820,2025-12-31,163
user_04362,2025-11-06,218
user_05458,2025-12-16,178
user_01981,2025-12-04,190
user_05976,2025-10-22,233
user_04123,2025-12-14,180
user_06171,2025-12-01,193
user_06328,2025-12-31,163
user_08029,2025-10-29,226
user_01704,2025-12-17,177
user_05961,2025-12-29,165
user_08605,2025-12-27,167
user_04630,2025-09-21,264
user_04906,2025-08-21,295
user_04816,2025-09-01,284
user_06303,2025-12-13,181
user_00528,2025-12-02,192
user_03653,2025-05-05,403
user_05953,2025-12-01,193
user_03297,2025-12-30,164
user_01270,2025-11-21,203
user_05849,2025-09-28,257
user_02497,2025-01-31,497
user_07629,2025-06-10,367
user_05002,2025-12-17,177
user_05294,2025-12-12,182
user_01811,2025-09-28,257
user_05933,2025-12-27,167
user_03871,2025-02-28,469
user_07166,2025-12-12,182
user_08444,2025-12-03,191
user_05362,2025-11-30,194
user_08174,2025-12-18,176
user_02186,2025-12-21,173
user_07534,2025-11-02,222
user_09879,2025-08-01,315
user_03532,2025-10-18,237
user_01901,2025-06-06,371
user_05750,2025-11-21,203
user_05956,2025-11-10,214
user_01531,2025-08-30,286
user_09177,2025-12-20,174
user_07468,2025-09-27,258
user_06711,2025-11-05,219
user_08812,2025-12-11,183
user_06010,2025-02-22,475
user_07118,2025-11-12,212
user_06121,2025-10-28,227
user_01598,2025-12-03,191
user_09268,2025-07-29,318
user_07600,2025-10-25,230
user_08900,2025-11-08,216
user_05195,2025-12-06,188
user_02423,2025-11-24,200
user_08314,2025-12-22,172
user_04582,2025-10-21,234
user_01759,2025-12-20,174
user_00476,2025-12-13,181
user_00837,2025-12-10,184
user_02692,2025-12-24,170
user_08135,2025-09-21,264
user_05926,2025-11-29,195
user_05890,2025-11-26,198
user_04041,2025-08-09,307
user_09135,2025-08-30,286
user_06077,2025-12-26,168
user_07084,2025-10-23,232
user_00682,2025-10-13,242
user_00524,2025-12-30,164
user_00930,2025-12-02,192
user_05761,2025-12-18,176
user_01288,2025-11-04,220
user_02205,2025-10-31,224
user_03107,2025-11-12,212
user_02885,2025-10-16,239
user_04389,2025-08-26,290
user_03757,2025-11-14,210
user_03077,2025-06-29,348
user_09521,2025-10-07,248
user_03515,2025-11-06,218
user_07405,2025-10-19,236
user_07267,2025-06-01,376
user_07082,2025-11-05,219
user_09789,2025-10-02,253
user_02282,2025-12-23,171
user_00293,2025-12-27,167
user_00198,2025-12-17,177
user_01207,2025-10-29,226
user_06372,2025-09-25,260
user_01894,2025-09-28,257
user_00201,2025-10-10,245
user_03639,2025-12-16,178
user_07744,2025-11-07,217
user_03467,2025-09-25,260
user_07900,2025-09-06,279
user_02862,2025-12-14,180
user_06558,2025-10-26,229
user_04492,2025-07-15,332
user_05274,2025-12-11,183
user_06732,2025-11-15,209
user_03786,2025-06-30,347
user_02045,2025-11-03,221
user_06090,2025-08-17,299
user_03589,2025-07-03,344
user_05535,2025-08-20,296
user_07989,2025-05-18,390
user_02178,2025-12-27,167
user_00143,2025-12-04,190
user_04386,2025-10-06,249
user_03751,2025-11-05,219
user_01247,2025-05-18,390
user_00895,2025-06-23,354
user_01335,2025-12-30,164
user_06323,2025-11-12,212
user_05469,2025-08-05,311
user_09105,2025-10-16,239
user_05748,2025-12-20,174
user_03035,2025-12-18,176
user_00937,2025-10-14,241
user_00605,2025-07-29,318
user_04553,2025-12-30,164
user_08911,2025-12-09,185
user_07427,2025-12-15,179
user_09276,2025-12-19,175
user_05803,2025-02-22,475
user_01783,2025-12-18,176
user_03707,2025-11-18,206
user_00337,2025-12-02,192
user_09082,2025-12-06,188
user_06754,2025-09-12,273
user_09855,2025-06-29,348
user_01209,2025-12-17,177
user_03681,2025-08-22,294
user_05008,2025-08-30,286
user_04545,2025-12-02,192
user_03127,2025-12-24,170
user_02449,2025-08-09,307
user_01351,2025-12-13,181
user_02883,2025-10-16,239
user_00090,2025-09-23,262
user_06508,2025-11-16,208
user_00897,2025-10-10,245
user_07050,2025-06-10,367
user_04752,2025-12-23,171
user_08880,2025-10-02,253
user_05055,2025-11-26,198
user_04156,2025-12-28,166
user_00881,2025-02-23,474
user_03503,2025-09-19,266
user_07961,2025-11-02,222
user_09672,2025-12-22,172
user_07328,2025-09-01,284
user_00215,2025-12-21,173
user_07440,2025-12-26,168
user_00664,2025-11-09,215
user_07867,2025-12-25,169
user_02407,2025-08-22,294
user_09907,2025-12-29,165
user_03444,2025-11-12,212
user_08917,2025-10-24,231
user_04712,2025-11-14,210
user_05994,2025-12-08,186
user_06370,2025-10-02,253
user_07807,2025-11-27,197
user_09679,2025-10-28,227
user_00864,2025-10-14,241
user_05463,2025-04-28,410
user_00549,2025-12-19,175
user_08897,2025-10-16,239
user_06059,2025-12-29,165
user_06597,2025-11-23,201
user_09009,2025-03-29,440
user_04769,2025-11-10,214
user_00366,2025-03-21,448
user_07428,2025-08-10,306
user_01034,2025-10-27,228
user_08975,2025-12-09,185
user_00360,2025-09-28,257
user_00490,2025-09-27,258
user_03829,2025-12-27,167
user_00759,2025-11-09,215
user_06560,2025-09-07,278
user_01158,2025-07-25,322
user_03511,2025-11-15,209
user_04051,2025-12-27,167
user_08761,2025-10-03,252
user_02822,2025-12-12,182
user_01027,2025-11-16,208
user_09236,2025-07-05,342
user_07142,2025-09-07,278
user_07338,2025-12-29,165
user_03365,2025-11-28,196
user_06461,2025-10-25,230
user_07795,2025-11-17,207
user_04456,2025-11-09,215
user_09495,2025-12-05,189
user_07639,2025-10-21,234
user_05260,2025-11-28,196
user_09066,2025-11-07,217
user_08881,2025-07-11,336
user_08380,2025-12-25,169
user_01803,2025-11-11,213
user_08782,2025-12-17,177
user_06602,2025-12-03,191
user_01233,2025-10-23,232
user_07586,2025-12-30,164
user_00997,2025-11-28,196
user_00651,2025-09-29,256
user_07789,2025-07-30,317
user_07310,2025-07-22,325
user_08644,2025-11-05,219
user_04793,2025-12-15,179
user_07152,2025-08-16,300
user_05398,2025-05-28,380
user_08708,2025-08-25,291
user_08404,2025-10-26,229
user_00073,2025-12-03,191
user_03880,2025-06-03,374
user_03074,2025-07-06,341
user_08424,2025-10-23,232
user_06775,2025-10-16,239
user_03970,2025-11-27,197
user_00499,2025-09-24,261
user_04108,2025-12-25,169
user_04730,2025-10-25,230
user_00262,2025-12-27,167
user_02554,2025-10-29,226
user_00785,2025-11-13,211
user_01364,2025-12-27,167
user_03705,2025-11-02,222
user_01420,2025-12-11,183
user_08554,2025-12-20,174
user_08923,2025-10-07,248
user_05814,2025-04-03,435
user_07497,2025-11-06,218
user_03998,2025-12-30,164
user_06898,2025-12-25,169
user_09085,2025-10-14,241
user_02060,2025-06-14,363
user_00452,2025-11-28,196
user_00608,2025-12-20,174
user_02075,2025-12-16,178
user_08566,2025-07-19,328
user_06055,2025-12-11,183
user_04808,2025-11-22,202
user_06237,2025-12-26,168
user_02633,2025-11-16,208
user_00886,2025-11-29,195
user_06756,2025-09-03,282
user_02446,2025-04-17,421
user_03834,2025-12-07,187
user_02331,2025-12-25,169
user_09212,2025-12-20,174
user_01248,2025-10-24,231
user_00848,2025-12-28,166
user_07533,2025-11-07,217
user_01074,2025-09-11,274
user_09592,2025-12-04,190
user_08197,2025-08-14,302
user_09379,2025-08-21,295
user_01391,2025-07-30,317
user_02577,2025-09-16,269
user_07750,2025-11-20,204
user_00480,2025-10-14,241
user_09742,2025-10-17,238
user_00584,2025-10-20,235
user_06239,2025-12-20,174
user_05561,2025-12-30,164
user_01116,2025-11-07,217
user_03396,2025-08-24,292
user_06123,2025-10-06,249
user_00562,2025-10-30,225
user_04059,2025-12-08,186
user_02242,2025-12-21,173
user_03929,2025-10-12,243
user_09792,2025-11-02,222
user_00609,2025-11-13,211
user_08824,2025-10-23,232
user_07937,2025-12-22,172
user_03032,2025-10-26,229
user_07627,2025-12-23,171
user_04518,2025-06-10,367
user_00939,2025-11-26,198
user_09272,2025-11-20,204
user_05995,2025-08-19,297
user_05180,2025-12-04,190
user_06608,2025-10-06,249
user_01873,2025-12-25,169
user_01972,2025-11-06,218
user_08896,2025-10-16,239
user_00020,2025-12-17,177
user_00700,2025-08-05,311
user_02059,2025-10-16,239
user_06098,2025-12-11,183
user_07766,2025-12-04,190
user_00998,2025-12-05,189
user_03932,2025-06-24,353
user_07964,2025-12-28,166
user_05256,2025-12-29,165
user_03021,2025-12-01,193
user_00626,2025-05-24,384
user_01667,2025-12-19,175
user_08725,2025-10-27,228
user_03952,2025-11-23,201
user_02340,2025-11-21,203
user_03423,2025-11-18,206
user_03118,2025-12-28,166
user_05181,2025-10-20,235
user_03245,2025-09-03,282
user_01124,2025-09-28,257
user_03741,2025-11-27,197
user_06572,2025-12-12,182
user_04733,2025-10-16,239
user_00140,2025-07-04,343
user_03452,2025-11-04,220
user_06374,2025-12-02,192
user_02941,2025-12-18,176
user_00100,2025-11-15,209
user_01314,2025-12-21,173
user_05599,2025-09-10,275
user_02313,2025-10-04,251
user_03030,2025-12-16,178
user_04361,2025-11-10,214
user_02479,2025-10-15,240
user_03611,2025-09-22,263
user_02469,2025-08-04,312
user_09853,2025-09-24,261
user_06851,2025-10-04,251
user_02486,2025-05-18,390
user_04628,2025-12-09,185
user_02686,2025-04-13,425
user_01586,2025-12-14,180
user_04892,2025-12-22,172
user_00539,2025-10-15,240
user_01525,2025-11-19,205
user_09172,2025-08-28,288
user_01989,2025-12-25,169
user_08124,2025-11-21,203
user_05268,2025-03-14,455
user_08289,2025-02-24,473
user_05700,2025-11-14,210
user_05620,2025-12-02,192
user_05860,2025-12-13,181
user_03281,2025-09-25,260
user_09574,2025-08-31,285
user_08541,2025-08-13,303
user_09890,2025-12-06,188
user_03429,2025-08-19,297
user_05024,2025-08-23,293
user_03187,2025-09-05,280
user_04255,2025-11-30,194
user_05149,2025-11-10,214
user_08931,2025-07-15,332
user_07741,2025-12-16,178
user_01854,2025-07-25,322
user_07695,2025-12-22,172
user_00695,2025-10-26,229
user_02168,2025-12-19,175
user_01396,2025-12-09,185
user_03562,2025-12-02,192
user_06510,2025-10-02,253
user_09961,2025-11-04,220
user_05391,2025-11-22,202
user_07295,2025-11-05,219
user_05672,2025-12-30,164
user_00996,2025-12-20,174
user_01442,2025-12-27,167
user_00164,2025-11-03,221
user_06330,2025-10-31,224
user_07370,2025-12-29,165
user_08882,2025-10-05,250
user_01737,2025-08-16,300
user_01968,2025-12-04,190
user_08488,2025-12-12,182
user_00027,2025-10-05,250
user_01637,2025-12-17,177
user_07022,2025-11-28,196
user_06308,2025-12-03,191
user_03354,2025-07-26,321
user_07951,2025-10-20,235
user_00454,2025-07-26,321
user_02918,2025-10-09,246
user_06079,2025-12-31,163
user_00423,2025-10-31,224
user_00906,2025-12-22,172
user_01767,2025-12-22,172
user_01472,2025-10-09,246
user_01697,2025-10-16,239
user_02973,2025-07-11,336
user_07230,2025-11-16,208
user_03536,2025-07-18,329
user_09246,2025-12-14,180
user_08202,2025-09-22,263
user_09992,2025-11-20,204
user_02623,2025-03-30,439
user_07906,2025-11-22,202
user_03442,2025-03-30,439
user_05233,2025-12-19,175
user_09627,2025-10-23,232
user_08851,2025-09-04,281
user_08177,2025-09-24,261
user_04092,2025-08-17,299
user_07839,2025-04-05,433
user_05744,2025-09-29,256
user_03017,2025-09-16,269
user_09643,2025-12-31,163
user_04073,2025-08-27,289
user_08390,2025-08-26,290
user_00253,2025-11-13,211
user_03794,2025-12-21,173
user_07446,2025-12-31,163
user_05139,2025-10-22,233
user_02546,2025-09-28,257
user_01359,2025-10-11,244
user_06443,2025-11-16,208
user_09647,2025-12-11,183
user_01120,2025-12-18,176
user_05747,2025-10-18,237
user_04820,2025-12-16,178
user_09634,2025-12-10,184
user_09391,2025-12-08,186
user_09100,2025-12-30,164
user_06051,2025-09-24,261
user_01866,2025-10-07,248
user_00218,2025-12-26,168
user_04231,2025-10-20,235
user_01354,2025-12-29,165
user_03847,2025-09-25,260
user_05986,2025-09-10,275
user_06433,2025-06-21,356
user_05736,2025-07-19,328
user_06723,2025-12-28,166
user_01123,2025-12-17,177
user_04377,2025-12-29,165
user_05876,2025-11-02,222
user_02382,2025-09-02,283
user_08113,2025-07-21,326
user_03114,2025-07-09,338
user_00068,2025-05-27,381
user_00927,2025-12-28,166
user_00483,2025-08-22,294
user_08636,2025-11-04,220
user_03106,2025-10-21,234
user_00892,2025-12-29,165
user_00644,2025-09-22,263
user_00761,2025-10-15,240
user_06113,2025-05-19,389
user_07535,2025-06-25,352
user_09567,2025-11-11,213
user_03168,2025-12-18,176
user_02573,2025-12-31,163
user_01993,2025-10-28,227
user_04817,2025-12-24,170
user_01065,2025-05-11,397
user_06740,2025-12-27,167
user_07210,2025-12-27,167
user_02044,2025-09-08,277
user_09842,2025-12-11,183
user_02444,2025-09-07,278
user_05856,2025-09-06,279
user_01055,2025-11-13,211
user_00953,2025-07-07,340
user_01996,2025-12-06,188
user_02785,2025-11-03,221
user_09852,2025-05-15,393
user_07889,2025-09-23,262
user_01880,2025-09-17,268
user_01146,2025-10-08,247
user_00021,2025-02-19,478
user_02320,2025-10-24,231
user_05689,2025-12-11,183
user_05588,2025-12-28,166
user_04624,2025-12-31,163
user_04956,2025-12-18,176
user_04028,2025-09-28,257
user_05128,2025-11-22,202
user_00462,2025-10-24,231
user_03391,2025-10-22,233
user_01483,2025-12-30,164
user_06236,2025-11-29,195
user_00919,2025-11-19,205
user_06814,2025-04-09,429
user_02411,2025-09-05,280
user_08484,2025-11-01,223
user_09407,2025-08-05,311
user_02880,2025-12-17,177
user_08498,2025-08-31,285
user_07280,2025-11-18,206
user_07988,2025-09-16,269
user_06867,2025-06-21,356
user_01279,2025-12-23,171
user_08118,2025-04-16,422
user_07499,2025-12-29,165
user_00935,2025-11-23,201
user_04455,2025-11-12,212
user_06147,2025-09-13,272
user_05540,2025-09-09,276
user_08093,2025-12-06,188
user_00775,2025-10-10,245
user_01876,2025-09-21,264
user_02684,2024-12-26,533
user_01802,2025-11-20,204
user_01195,2025-12-29,165
user_08770,2025-08-17,299
user_09117,2025-10-21,234
user_04197,2025-08-24,292
user_01305,2025-12-04,190
user_03308,2025-11-29,195
user_06989,2025-12-16,178
user_05107,2025-12-05,189
user_07643,2024-12-27,532
user_03038,2025-12-15,179
user_03832,2025-11-02,222
user_00563,2025-11-20,204
user_06037,2025-12-01,193
user_07141,2025-11-22,202
user_06537,2025-12-26,168
user_05742,2025-12-19,175
user_01499,2024-12-28,531
user_02897,2025-12-06,188
user_07323,2025-08-06,310
user_04408,2025-11-12,212
user_05348,2025-11-19,205
user_07077,2025-06-09,368
user_02982,2025-12-11,183
user_09815,2025-08-31,285
user_04338,2025-12-24,170
user_05070,2025-12-18,176
user_00843,2025-08-28,288
user_03331,2025-09-07,278
user_04188,2025-06-17,360
user_04335,2025-07-16,331
user_02175,2025-06-28,349
user_08493,2025-12-13,181
user_00340,2025-11-03,221
user_02668,2025-10-27,228
user_09912,2025-12-30,164
user_09168,2025-11-26,198
user_05937,2025-12-29,165
user_02893,2025-11-20,204
user_07949,2025-10-06,249
user_06590,2025-10-08,247
user_04439,2025-11-03,221
user_07936,2025-09-26,259
user_08376,2025-10-07,248
user_03000,2025-07-08,339
user_01057,2025-05-20,388
user_06836,2025-10-09,246
user_02133,2025-11-29,195
user_00229,2025-11-11,213
user_04137,2025-12-17,177
user_06548,2025-10-16,239
user_07176,2025-12-03,191
user_06150,2025-12-04,190
user_06159,2025-11-28,196
user_05159,2025-05-21,387
user_09730,2025-12-23,171
user_06828,2025-01-22,506
user_06782,2025-07-19,328
user_03255,2025-10-06,249
user_07174,2025-12-31,163
user_00470,2025-11-10,214
user_04330,2025-12-21,173
user_08867,2025-09-24,261
user_08687,2025-09-07,278
user_02142,2025-11-14,210
user_09911,2025-12-26,168
user_03321,2025-10-27,228
user_04851,2025-11-11,213
user_08065,2025-12-15,179
user_03673,2025-11-27,197
user_04829,2025-11-30,194
user_08011,2025-12-11,183
user_07461,2025-12-16,178
user_01912,2025-10-25,230
user_09365,2025-11-04,220
user_00823,2025-09-22,263
user_08973,2025-08-15,301
user_05673,2025-12-07,187
user_08506,2025-12-16,178
user_02816,2025-10-07,248
user_07740,2025-11-27,197
user_02585,2025-11-22,202
user_02223,2025-09-24,261
user_07762,2025-03-20,449
user_00917,2025-12-27,167
user_09770,2025-12-15,179
user_01591,2025-12-05,189
user_01437,2025-10-20,235
user_05161,2025-10-14,241
user_07425,2025-11-07,217
user_02279,2025-10-19,236
user_05318,2025-12-23,171
user_07434,2025-01-04,524
user_02224,2025-01-04,524
user_04832,2025-11-07,217
user_00172,2025-09-20,265
user_07615,2025-11-12,212
user_01699,2025-12-14,180
user_04525,2025-10-04,251
user_05752,2025-08-21,295
user_00932,2025-09-27,258
user_09409,2025-10-20,235
user_03016,2025-11-19,205
user_03845,2025-11-15,209
user_07291,2025-09-29,256
user_06270,2025-11-09,215
user_07561,2025-10-31,224
user_06265,2025-11-27,197
user_09584,2025-05-02,406
user_00003,2025-06-24,353
user_09987,2025-10-28,227
user_03565,2025-04-11,427
user_01930,2025-11-11,213
user_04955,2025-12-18,176
user_01155,2025-03-16,453
user_02786,2025-07-16,331
user_05392,2025-09-23,262
user_09782,2025-10-02,253
user_06096,2025-11-28,196
user_07137,2025-11-26,198
user_02749,2025-10-19,236
user_07042,2025-11-28,196
user_05143,2025-12-23,171
user_08637,2025-12-15,179
user_06169,2025-12-09,185
user_03975,2025-10-08,247
user_01745,2025-12-24,170
user_02781,2025-10-08,247
user_07447,2025-06-03,374
user_08936,2025-11-20,204
user_09635,2025-09-22,263
user_02685,2025-11-23,201
user_08855,2025-12-17,177
user_03971,2025-11-08,216
user_06243,2025-12-11,183
user_02743,2025-12-21,173
user_06135,2025-09-20,265
user_03582,2025-11-09,215
user_08392,2025-12-08,186
user_09882,2025-11-03,221
user_05496,2025-09-08,277
user_03424,2025-11-18,206
user_07273,2025-07-29,318
user_02145,2025-11-26,198
user_00537,2025-11-06,218
user_09974,2025-11-16,208
user_04164,2025-12-13,181
user_04910,2025-12-05,189
user_06885,2025-09-03,282
user_08955,2025-10-08,247
user_09761,2025-09-14,271
user_09298,2025-10-01,254
user_09601,2025-09-08,277
user_01215,2025-12-18,176
user_02307,2025-06-11,366
user_00710,2025-12-22,172
user_06230,2025-10-07,248
user_00929,2025-12-05,189
user_05032,2025-11-10,214
user_04459,2025-12-07,187
user_01031,2025-11-29,195
user_01787,2025-04-21,417
user_01541,2025-12-25,169
user_05815,2025-05-07,401
user_00574,2025-10-10,245
user_04301,2025-12-21,173
user_06629,2025-10-27,228
user_00725,2025-12-29,165
user_00784,2025-10-15,240
user_04008,2025-11-24,200
user_03679,2025-09-11,274
user_08003,2025-12-25,169
user_07032,2025-07-14,333
user_02578,2025-09-30,255
user_07860,2025-10-28,227
user_01539,2025-08-14,302
user_05515,2025-04-02,436
user_06693,2025-10-24,231
user_05074,2025-12-18,176
user_08888,2025-11-13,211
user_09850,2025-12-18,176
user_07258,2025-10-09,246
user_02504,2025-10-26,229
user_04936,2025-12-04,190
user_04825,2025-09-10,275
user_02875,2025-11-12,212
user_00525,2025-10-26,229
user_00054,2025-12-21,173
user_01652,2025-11-21,203
user_09087,2025-04-10,428
user_09303,2025-01-13,515
user_05279,2025-12-23,171
user_03930,2025-04-02,436
user_06542,2025-09-30,255
user_00688,2025-12-12,182
user_01723,2025-06-02,375
user_03416,2025-10-16,239
user_00944,2025-10-09,246
user_06405,2025-04-14,424
user_04617,2025-12-29,165
user_02440,2025-12-02,192
user_03787,2025-12-02,192
user_04189,2025-04-13,425
user_06221,2025-11-30,194
user_02964,2025-11-19,205
user_03069,2025-11-21,203
user_00615,2025-11-08,216
user_03205,2025-12-22,172
user_05732,2025-09-03,282
user_07624,2025-12-06,188
user_09675,2025-12-26,168
user_06252,2025-12-02,192
user_02768,2025-11-06,218
user_09378,2025-12-22,172
user_05541,2025-12-22,172
user_08920,2025-10-07,248
user_06015,2025-04-18,420
user_08053,2025-12-12,182
user_01533,2025-11-26,198
user_06776,2025-11-11,213
user_02069,2025-09-30,255
user_08062,2025-10-31,224
user_08459,2025-12-26,168
user_04174,2025-11-15,209
user_03058,2025-12-20,174
user_06738,2025-12-21,173
user_06974,2025-08-02,314
user_08042,2025-09-05,280
user_08522,2025-07-28,319
user_03279,2025-10-18,237
user_01983,2025-12-04,190
user_00756,2025-10-29,226
user_08044,2025-07-02,345
user_05264,2025-04-26,412
user_07671,2025-12-04,190
user_02602,2025-12-06,188
user_04195,2025-11-11,213
user_07126,2025-11-24,200
user_01778,2025-11-08,216
user_06598,2025-12-28,166
user_09054,2025-10-25,230
user_05729,2025-02-05,492
user_03709,2025-06-18,359
user_07116,2025-12-24,170
user_08754,2025-04-19,419
user_04261,2025-12-03,191
user_01900,2025-11-09,215
user_05459,2025-12-19,175
user_03989,2025-03-31,438
user_06481,2025-07-31,316
user_02562,2025-10-19,236
user_07808,2025-11-17,207
user_04762,2025-11-15,209
user_07521,2025-09-08,277
user_08783,2025-11-08,216
user_01609,2025-12-09,185
user_00758,2025-12-21,173
user_06032,2025-12-19,175
user_07471,2025-06-12,365
user_06410,2025-10-16,239
user_06695,2025-11-13,211
user_07764,2025-11-01,223
user_03064,2025-09-12,273
user_09274,2025-11-27,197
user_02203,2025-12-12,182
user_09471,2025-05-18,390
user_09251,2025-11-23,201
user_05706,2025-11-20,204
user_05263,2025-11-13,211
user_04871,2025-08-12,304
user_06213,2025-10-12,243
user_04578,2025-12-22,172
user_06026,2025-10-19,236
user_06209,2025-12-27,167
user_02158,2025-12-18,176
user_07626,2025-09-05,280
user_07336,2025-10-28,227
user_01177,2025-12-18,176
user_04679,2025-12-25,169
user_04716,2025-11-27,197
user_06637,2025-02-02,495
user_01370,2025-12-04,190
user_03380,2025-09-27,258
user_08127,2025-12-23,171
user_05482,2025-09-30,255
user_05980,2025-11-08,216
user_02762,2025-09-21,264
user_02014,2025-04-04,434
user_02022,2025-12-06,188
user_05880,2025-12-26,168
user_03134,2025-10-10,245
user_02569,2025-11-14,210
user_06185,2025-12-07,187
user_06785,2025-09-05,280
user_06926,2025-12-03,191
user_00720,2025-12-10,184
user_02761,2025-11-09,215
user_07135,2025-06-24,353
user_05384,2025-12-06,188
user_01623,2025-10-28,227
user_03713,2025-11-21,203
user_06348,2025-08-20,296
user_04027,2025-12-15,179
user_00371,2025-09-23,262
user_02645,2025-06-18,359
user_06487,2025-11-20,204
user_05240,2025-12-09,185
user_01884,2025-12-22,172
user_04465,2025-04-16,422
user_00771,2025-12-24,170
user_00137,2025-11-29,195
user_05902,2025-12-07,187
user_01628,2025-11-23,201
user_09817,2025-12-31,163
user_03428,2025-11-30,194
user_06925,2025-11-07,217
user_00376,2025-11-21,203
user_09433,2025-09-03,282
user_06177,2025-12-08,186
user_03587,2025-11-30,194
user_06999,2025-12-30,164
user_06024,2025-12-26,168
user_02910,2025-10-11,244
user_05417,2025-12-19,175
user_05364,2025-10-15,240
user_07970,2025-12-02,192
user_09360,2025-12-10,184
user_04489,2025-12-14,180
user_02489,2025-10-30,225
user_00189,2025-09-16,269
user_00851,2025-10-04,251
user_09840,2025-11-12,212
user_05649,2025-12-16,178
user_07928,2025-12-31,163
user_06947,2025-08-27,289
user_03756,2025-12-11,183
user_04350,2025-12-02,192
user_09026,2025-11-07,217
user_04211,2025-11-26,198
user_08160,2025-09-29,256
user_00469,2025-11-18,206
user_06343,2025-10-17,238
user_00205,2025-11-17,207
user_07910,2025-12-27,167
user_00114,2025-07-14,333
user_04856,2025-12-07,187
user_07025,2025-09-03,282
user_06257,2025-11-15,209
user_03420,2025-10-11,244
user_03702,2025-12-18,176
user_06965,2025-11-28,196
user_08008,2025-10-17,238
user_03630,2025-12-02,192
user_07541,2025-11-30,194
user_05969,2025-10-21,234
user_09443,2025-12-12,182
user_00670,2025-06-07,370
user_05457,2025-09-27,258
user_01922,2025-05-21,387
user_06074,2025-07-19,328
user_09427,2025-08-25,291
user_03526,2025-09-09,276
user_03311,2025-11-14,210
user_06686,2025-09-03,282
user_07401,2025-12-23,171
user_03840,2025-12-29,165
user_07404,2025-11-20,204
user_02978,2025-06-30,347
user_07980,2025-11-10,214
user_09710,2025-12-22,172
user_07836,2025-12-28,166
user_01899,2025-09-29,256
user_01702,2025-04-24,414
user_06609,2025-02-05,492
user_05272,2025-12-15,179
user_07300,2025-10-22,233
user_07941,2025-12-12,182
user_03339,2025-08-17,299
user_07963,2025-08-14,302
user_04145,2025-11-26,198
user_00552,2025-12-23,171
user_05572,2025-12-28,166
user_02426,2025-08-28,288
user_04184,2025-12-18,176
user_00712,2025-11-27,197
user_01269,2025-12-10,184
user_06244,2025-10-29,226
user_01817,2025-10-18,237
user_04449,2025-07-01,346
user_06659,2025-12-21,173
user_07194,2025-12-31,163
user_01722,2025-11-08,216
user_05587,2025-10-08,247
user_02698,2025-12-27,167
user_02126,2025-11-12,212
user_08886,2025-09-02,283
user_02255,2025-11-12,212
user_00706,2025-03-24,445
user_04996,2025-10-07,248
user_02094,2025-10-15,240
user_02269,2025-11-28,196
user_03655,2025-07-03,344
user_09523,2025-11-19,205
user_01544,2025-12-24,170
user_03665,2025-11-23,201
user_06491,2025-11-17,207
user_03890,2025-12-02,192
user_02157,2025-08-30,286
user_00055,2025-10-01,254
user_05828,2025-09-10,275
user_08461,2025-11-18,206
user_07001,2025-11-24,200
user_09857,2025-08-15,301
user_09467,2025-09-28,257
user_08367,2025-08-16,300
user_01953,2025-12-14,180
user_00359,2025-12-29,165
user_08667,2025-11-15,209
user_08664,2025-11-06,218
user_04665,2025-12-23,171
user_05808,2025-11-04,220
user_00518,2025-08-12,304
user_01399,2025-02-09,488
user_02465,2025-10-17,238
user_06146,2025-10-01,254
user_06023,2025-11-30,194
user_06327,2025-08-02,314
user_02235,2025-02-10,487
user_02347,2025-09-13,272
user_05614,2025-08-26,290
user_02038,2025-10-21,234
user_03406,2025-12-07,187
user_00255,2025-10-22,233
user_07000,2025-11-11,213
user_02371,2025-08-09,307
user_02450,2025-02-11,486
user_06203,2025-12-16,178
user_06577,2025-12-30,164
user_06422,2025-08-14,302
user_07815,2025-08-10,306
user_08710,2025-12-10,184
user_04839,2025-12-21,173
user_06529,2025-03-27,442
user_06870,2025-12-20,174
user_06617,2025-12-19,175
user_03700,2025-12-19,175
user_03342,2025-12-16,178
user_05568,2025-09-02,283
user_07641,2025-06-11,366
user_05033,2025-10-03,252
user_05970,2025-12-10,184
user_00204,2025-11-12,212
user_09341,2025-08-17,299
user_00439,2025-10-24,231
user_01198,2025-10-10,245
user_03163,2025-12-16,178
user_05794,2025-09-03,282
user_02758,2025-12-08,186
user_06722,2025-09-30,255
user_08548,2025-07-04,343
user_08329,2025-10-29,226
user_06960,2025-07-01,346
user_09479,2025-10-22,233
user_01100,2025-12-13,181
user_09089,2025-10-24,231
user_06644,2025-09-27,258
user_09892,2025-12-22,172
user_00211,2025-12-17,177
user_09693,2025-10-15,240
user_08061,2025-10-21,234
user_00210,2025-10-11,244
user_04701,2025-07-07,340
user_01012,2025-11-12,212
user_00051,2025-05-31,377
user_03533,2025-11-11,213
user_08271,2025-11-13,211
user_05865,2025-12-10,184
user_00529,2025-11-29,195
user_09180,2025-06-26,351
user_03823,2025-10-27,228
user_02496,2025-03-28,441
user_09161,2025-12-04,190
user_00336,2025-02-15,482
user_07687,2025-10-15,240
user_01889,2025-12-30,164
user_06173,2025-07-25,322
user_01078,2025-11-24,200
user_06306,2025-06-03,374
user_03502,2025-12-28,166
user_05712,2025-05-26,382
user_02457,2025-11-20,204
user_02898,2025-12-10,184
user_00460,2025-10-15,240
user_06535,2025-10-01,254
user_02210,2025-05-24,384
user_05773,2025-10-30,225
user_09580,2025-10-05,250
user_00683,2025-10-02,253
user_04693,2025-11-08,216
user_09952,2025-12-13,181
user_03004,2025-11-06,218
user_07431,2025-07-10,337
user_05023,2025-10-15,240
user_02154,2025-11-05,219
user_08117,2025-09-22,263
user_00984,2025-11-29,195
user_04636,2025-12-25,169
user_02586,2025-11-19,205
user_07035,2025-12-14,180
user_05797,2025-12-29,165
user_01906,2025-11-19,205
user_08560,2025-09-15,270
user_07173,2025-11-26,198
user_04940,2025-10-12,243
user_02063,2025-08-03,313
user_06753,2025-11-10,214
user_03334,2025-08-25,291
user_07467,2025-08-27,289
user_09030,2025-10-20,235
user_03231,2025-12-27,167
user_00473,2025-09-10,275
user_00046,2025-05-30,378
user_02335,2025-12-08,186
user_03275,2025-11-18,206
user_09511,2025-12-14,180
user_00060,2025-12-20,174
user_05529,2025-12-13,181
user_02054,2025-08-25,291
user_08604,2025-10-11,244
user_09784,2025-11-22,202
user_08787,2025-12-01,193
user_08841,2025-12-10,184
user_03730,2025-12-13,181
user_03386,2025-11-05,219
user_06108,2025-07-27,320
user_00972,2025-06-29,348
user_03198,2025-11-22,202
user_06909,2025-05-03,405
user_08661,2025-08-17,299
user_02196,2025-06-08,369
user_03525,2025-10-02,253
user_01890,2025-11-21,203
user_01083,2025-12-25,169
user_07282,2025-11-06,218
user_01415,2025-10-23,232
user_08365,2025-08-25,291
user_05266,2025-12-18,176
user_07728,2025-09-22,263
user_00081,2025-10-31,224
user_05373,2025-11-16,208
user_03399,2025-10-01,254
user_02779,2025-12-07,187
user_02198,2025-02-22,475
user_08959,2025-11-19,205
user_07985,2025-05-13,395
user_01092,2025-09-11,274
user_04387,2025-12-07,187
user_07436,2025-09-07,278
user_02031,2025-10-31,224
user_07830,2025-12-09,185
user_00662,2025-12-16,178
user_07691,2025-07-21,326
user_00373,2025-09-03,282
user_09122,2025-12-30,164
user_08781,2025-12-07,187
user_08068,2025-12-25,169
user_06295,2025-08-30,286
user_09756,2025-12-21,173
user_03329,2025-12-21,173
user_01662,2025-11-24,200
user_03658,2025-08-12,304
user_03247,2025-10-22,233
user_08537,2025-11-03,221
user_09996,2025-11-15,209
user_01276,2025-11-14,210
user_07375,2025-11-09,215
user_06709,2025-12-22,172
user_02755,2025-07-09,338
user_03459,2025-11-18,206
user_08411,2025-11-24,200
user_02330,2025-12-13,181
user_00300,2025-12-31,163
user_01736,2025-11-10,214
user_05644,2025-12-19,175
user_01871,2025-10-24,231
user_00219,2025-06-16,361
user_04727,2025-12-29,165
user_04785,2025-12-19,175
user_01003,2025-09-14,271
user_03007,2025-11-12,212
user_07091,2025-11-20,204
user_05516,2025-11-30,194
user_09006,2025-12-14,180
user_02017,2025-07-15,332
user_09342,2025-12-14,180
user_04670,2025-11-25,199
user_08206,2025-10-16,239
user_02291,2025-06-22,355
user_09098,2025-11-08,216
user_04349,2025-12-19,175
user_09235,2025-12-22,172
user_07663,2025-05-10,398
user_06318,2025-08-08,308
user_09376,2025-11-30,194
user_07288,2025-11-18,206
user_00109,2025-11-27,197
user_00783,2025-11-07,217
user_02348,2025-12-09,185
user_01272,2025-12-10,184
user_08732,2025-06-22,355
user_03160,2025-11-13,211
user_06797,2025-11-19,205
user_03476,2025-10-29,226
user_02206,2025-12-27,167
user_02890,2025-09-06,279
user_06939,2025-04-24,414
user_01289,2025-11-22,202
user_00022,2025-12-05,189
user_02182,2025-12-08,186
user_04795,2025-10-16,239
user_06380,2025-10-31,224
user_00025,2025-03-02,467
user_06742,2025-08-10,306
user_03969,2025-11-25,199
user_01428,2025-12-25,169
user_06456,2025-09-26,259
user_06587,2025-12-16,178
user_09681,2025-05-11,397
user_07252,2025-03-03,466
user_03637,2025-11-03,221
user_04358,2025-11-05,219
user_05859,2025-10-08,247
user_04805,2025-11-07,217
user_08450,2025-10-23,232
user_01008,2025-12-09,185
user_04700,2025-09-26,259
user_08611,2025-06-20,357
user_01589,2025-12-29,165
user_02048,2025-11-09,215
user_03248,2025-12-30,164
user_03873,2025-12-29,165
user_01115,2025-12-13,181
user_06355,2025-10-06,249
user_02549,2025-09-21,264
user_01386,2025-12-23,171
user_03710,2025-11-12,212
user_00872,2025-10-26,229
user_09662,2025-09-08,277
user_07913,2025-10-16,239
user_01358,2025-10-02,253
user_04640,2025-11-16,208
user_04121,2025-12-04,190
user_09179,2025-12-30,164
user_07848,2025-11-22,202
user_01732,2025-04-04,434
user_08076,2025-03-30,439
user_07277,2025-09-14,271
user_05485,2025-12-26,168
user_03815,2025-10-25,230
user_03155,2025-10-14,241
user_04584,2025-03-08,461
user_03824,2025-10-02,253
user_02553,2025-12-25,169
user_09232,2025-11-01,223
user_05061,2025-10-25,230
user_02414,2025-11-16,208
user_08720,2025-10-28,227
user_07735,2025-10-18,237
user_05982,2025-11-11,213
user_00680,2025-11-22,202
user_05380,2025-11-27,197
user_07103,2025-10-03,252
user_01299,2025-11-16,208
user_00235,2025-12-14,180
user_04376,2025-12-17,177
user_03115,2025-10-08,247
user_05017,2025-12-14,180
user_00162,2025-12-17,177
user_01436,2025-06-03,374
user_06402,2025-12-21,173
user_00747,2025-12-30,164
user_08094,2025-11-26,198
user_03892,2025-05-21,387
user_04469,2025-06-25,352
user_09811,2025-12-30,164
user_06773,2025-12-01,193
user_04260,2025-10-13,242
user_00272,2025-12-27,167
user_06279,2025-11-18,206
user_08865,2025-12-29,165
user_09965,2025-11-05,219
user_09727,2025-10-12,243
user_03190,2025-10-06,249
user_09131,2025-12-11,183
user_07214,2025-12-05,189
user_05574,2025-11-11,213
user_08306,2025-07-03,344
user_06541,2025-11-21,203
user_00180,2025-12-12,182
user_06100,2025-12-05,189
user_09078,2025-12-23,171
user_01815,2025-11-23,201
user_02275,2025-11-06,218
user_06302,2025-10-17,238
user_06716,2025-11-20,204
user_02833,2025-07-12,335
user_06373,2025-10-24,231
user_07044,2025-12-30,164
user_06014,2025-09-21,264
user_00566,2025-11-11,213
user_09915,2025-10-25,230
user_08426,2025-10-28,227
user_03388,2025-11-01,223
user_02741,2025-03-14,455
user_00637,2025-09-29,256
user_03766,2025-12-19,175
user_09029,2025-10-16,239
user_00072,2025-12-17,177
user_03208,2025-11-18,206
user_09130,2025-11-03,221
user_01298,2025-05-01,407
user_09150,2025-05-13,395
user_04416,2025-09-25,260
user_03647,2025-12-10,184
user_09193,2025-04-11,427
user_06654,2025-11-18,206
user_07579,2025-06-03,374
user_05291,2025-07-02,345
user_09182,2025-11-24,200
user_09887,2025-11-30,194
user_05693,2025-09-27,258
user_09247,2025-12-15,179
user_04235,2025-11-19,205
user_07987,2025-08-22,294
user_01796,2025-11-24,200
user_00322,2025-08-17,299
user_01028,2025-10-15,240
user_00384,2025-12-06,188
user_00324,2025-08-15,301
user_08434,2025-11-05,219
user_04081,2025-12-17,177
user_02357,2025-12-05,189
user_02395,2025-07-25,322
user_00415,2025-12-14,180
user_09410,2025-12-16,178
user_05763,2025-10-21,234
user_02788,2025-11-28,196
user_06838,2025-10-10,245
user_01111,2025-11-20,204
user_08332,2025-11-22,202
user_04999,2025-12-14,180
user_02144,2025-11-30,194
user_06642,2025-11-04,220
user_00933,2025-08-21,295
user_01505,2025-09-25,260
user_09331,2025-12-04,190
user_06267,2025-12-04,190
user_07435,2025-07-17,330
user_04771,2025-08-07,309
user_08168,2025-09-20,265
user_08969,2025-10-08,247
user_02109,2025-12-05,189
user_06707,2025-10-05,250
user_00412,2025-10-26,229
user_05310,2025-12-11,183
user_09405,2025-12-17,177
user_06896,2025-11-09,215
user_07748,2025-12-11,183
user_01492,2025-10-01,254
user_08542,2025-12-16,178
user_05395,2025-11-13,211
user_06844,2025-12-28,166
user_04383,2025-07-16,331
user_01425,2025-11-19,205
user_01187,2025-03-25,444
user_03643,2025-12-14,180
user_09221,2025-12-02,192
user_07947,2025-12-24,170
user_01769,2025-10-31,224
user_02008,2025-10-19,236
user_01167,2025-10-15,240
user_04860,2025-12-06,188
user_05394,2025-12-20,174
user_07824,2025-12-04,190
user_01292,2025-10-05,250
user_01688,2025-03-24,445
user_08972,2025-10-19,236
user_06760,2025-10-29,226
user_06994,2025-11-02,222
user_00903,2025-09-26,259
user_02829,2025-10-03,252
user_08185,2025-10-19,236
user_03773,2025-12-24,170
user_09020,2025-11-22,202
user_08800,2025-12-13,181
user_02870,2025-05-05,403
user_09969,2025-12-24,170
user_08115,2025-11-08,216
user_01468,2025-12-03,191
user_04378,2025-08-09,307
user_00221,2025-12-31,163
user_03819,2025-10-31,224
user_03521,2025-11-04,220
user_06459,2025-12-03,191
user_09694,2025-12-01,193
user_01263,2025-12-13,181
user_03405,2025-11-07,217
user_05359,2025-10-01,254
user_03209,2025-11-30,194
user_02694,2025-12-17,177
user_09449,2025-11-12,212
user_08924,2025-11-28,196
user_09285,2025-12-19,175
user_05955,2025-12-30,164
user_03389,2025-11-07,217
user_01557,2025-11-19,205
user_01356,2025-12-31,163
user_03651,2025-11-17,207
user_00667,2025-11-22,202
user_06187,2025-04-15,423
user_00597,2025-12-27,167
user_08178,2025-11-16,208
user_03362,2025-03-29,440
user_02859,2025-10-07,248
user_08173,2025-07-16,331
user_06719,2025-10-28,227
user_03648,2025-12-05,189
user_03128,2025-09-10,275
user_02874,2025-11-12,212
user_07183,2025-05-02,406
user_09596,2025-12-16,178
user_09480,2025-08-23,293
user_02905,2025-12-19,175
user_04395,2025-12-16,178
user_03844,2025-08-09,307
user_08357,2025-12-22,172
user_05244,2025-11-13,211
user_03520,2025-10-28,227
user_08409,2025-12-24,170
user_00004,2025-12-29,165
user_09869,2025-12-26,168
user_04445,2025-05-04,404
user_09411,2025-09-25,260
user_01059,2025-11-19,205
user_01596,2025-10-10,245
user_04363,2025-09-23,262
user_02431,2025-07-27,320
user_02575,2025-06-13,364
user_07388,2025-09-18,267
user_07582,2025-12-17,177
user_01343,2025-11-25,199
user_03984,2025-08-31,285
user_06450,2025-12-23,171
user_03086,2025-09-09,276
user_02104,2025-10-10,245
user_03865,2025-11-18,206
user_07513,2025-11-01,223
user_03122,2025-12-19,175
user_03394,2025-11-20,204
user_07455,2025-12-29,165
user_01779,2025-11-28,196
user_02919,2025-11-14,210
user_00077,2025-10-23,232
user_01948,2025-04-05,433
user_09669,2025-12-05,189
user_00635,2025-10-21,234
user_05775,2025-12-16,178
user_01674,2025-11-24,200
user_09191,2025-07-24,323
user_04478,2025-12-19,175
user_00038,2025-11-12,212
user_04809,2025-12-16,178
user_04052,2025-12-22,172
user_03813,2025-11-11,213
user_08377,2025-12-11,183
user_06632,2025-09-06,279
user_02277,2025-12-29,165
user_00202,2025-10-06,249
user_02318,2025-11-13,211
user_06530,2025-05-17,391
user_01617,2025-11-16,208
user_04094,2025-12-15,179
user_05993,2025-05-24,384
user_07609,2025-12-19,175
user_00801,2025-10-19,236
user_00343,2025-04-07,431
user_07335,2025-12-30,164
user_03833,2025-07-18,329
user_01322,2025-11-22,202
user_08793,2025-12-06,188
user_09127,2025-05-03,405
user_09509,2025-08-14,302
user_07604,2025-12-27,167
user_08235,2025-10-26,229
user_05336,2025-10-27,228
user_00401,2025-12-10,184
user_04128,2025-12-26,168
user_03936,2025-10-30,225
user_06610,2025-12-30,164
user_03955,2025-11-09,215
user_06581,2025-06-14,363
user_02727,2025-12-28,166
user_05824,2025-08-18,298
user_06574,2025-09-27,258
user_08499,2025-11-06,218
user_08219,2025-12-10,184
user_00362,2025-10-06,249
user_08620,2025-09-02,283
user_05518,2025-12-13,181
user_02953,2025-09-22,263
user_00671,2025-08-10,306
user_00743,2025-11-22,202
user_01980,2025-12-10,184
user_04007,2025-12-25,169
user_04783,2025-12-21,173
user_09090,2025-12-29,165
user_02881,2025-09-27,258
user_00402,2025-08-26,290
user_01807,2025-08-06,310
user_04310,2025-11-24,200
user_03784,2025-12-13,181
user_06638,2025-05-16,392
user_06616,2025-10-19,236
user_06745,2025-12-15,179
user_05526,2025-12-23,171
user_02386,2025-11-17,207
user_04382,2025-11-17,207
user_08514,2025-12-29,165
user_04925,2025-06-22,355
user_02887,2025-10-31,224
user_03141,2025-11-20,204
user_01582,2025-10-23,232
user_00620,2025-10-20,235
user_01163,2025-10-30,225
user_05667,2025-12-23,171
user_07393,2025-12-19,175
user_05206,2025-04-20,418
user_07319,2025-10-08,247
user_02260,2025-12-18,176
user_00981,2025-04-13,425
user_03098,2025-12-23,171
user_02476,2025-11-16,208
user_08108,2025-12-06,188
user_04810,2025-09-14,271
user_06759,2025-12-06,188
user_04726,2025-12-08,186
user_02774,2025-11-05,219
user_05774,2025-06-07,370
user_07502,2025-12-24,170
user_01860,2025-12-19,175
user_04422,2025-04-15,423
user_09644,2025-09-22,263
user_07096,2025-12-18,176
user_00383,2025-12-02,192
user_09623,2025-11-26,198
user_00311,2025-11-21,203
user_04199,2025-11-30,194
user_07327,2025-12-15,179
user_04913,2025-12-25,169
user_07911,2025-12-21,173
user_08006,2025-12-17,177
user_01470,2025-12-09,185
user_08663,2025-10-22,233
user_02261,2025-08-22,294
user_09023,2025-07-14,333
user_01842,2025-10-31,224
user_03977,2025-10-31,224
user_02900,2025-12-20,174
user_06358,2025-11-27,197
user_09528,2025-12-14,180
user_00716,2025-12-15,179
user_06211,2025-11-21,203
user_04577,2025-12-09,185
user_01602,2025-12-07,187
user_03314,2025-09-25,260
user_03706,2025-11-12,212
user_00707,2025-04-17,421
user_07974,2025-10-17,238
user_09057,2025-11-03,221
user_04503,2025-12-14,180
user_01192,2025-11-15,209
user_09227,2025-08-20,296
user_01185,2025-12-25,169
user_00303,2025-11-07,217
user_08885,2025-06-22,355
user_09733,2025-10-09,246
user_06391,2025-09-19,266
user_02753,2025-12-25,169
user_01255,2025-05-26,382
user_07563,2025-12-02,192
user_01464,2025-12-11,183
user_07229,2025-12-29,165
user_08822,2025-12-31,163
user_03954,2025-10-03,252
user_01212,2025-11-06,218
user_00661,2025-06-01,376
user_01553,2025-11-25,199
user_03116,2025-12-29,165
user_08179,2025-12-02,192
user_08469,2025-12-09,185
user_09885,2025-12-10,184
user_03188,2025-12-11,183
user_06640,2025-09-24,261
user_07965,2025-04-22,416
user_09728,2025-12-10,184
user_09670,2025-06-21,356
user_01294,2025-10-10,245
user_04652,2025-11-15,209
user_08995,2025-10-28,227
user_09388,2025-09-14,271
user_02096,2025-10-13,242
user_07072,2025-07-12,335
user_02467,2025-12-25,169
user_01603,2025-11-09,215
user_05273,2025-12-29,165
user_00956,2025-10-21,234
user_03135,2025-12-02,192
user_02463,2025-10-04,251
user_04438,2025-08-07,309
user_08540,2025-05-13,395
user_06163,2025-11-14,210
user_06657,2025-11-26,198
user_00901,2025-11-21,203
user_09532,2025-04-24,414
user_09123,2025-10-29,226
user_05872,2025-10-26,229
user_05158,2025-07-03,344
user_07205,2025-06-08,369
user_05913,2025-11-28,196
user_09625,2025-12-19,175
user_03400,2025-09-30,255
user_00594,2025-12-08,186
user_01966,2025-11-09,215
user_04246,2025-12-06,188
user_06595,2025-10-26,229
user_07051,2025-10-08,247
user_07676,2025-12-03,191
user_03225,2025-09-11,274
user_05798,2025-10-23,232
user_09447,2025-12-18,176
user_09825,2025-12-22,172
user_06340,2025-07-30,317
user_04859,2025-08-22,294
user_08149,2025-12-15,179
user_04939,2025-12-08,186
user_03991,2025-10-27,228
user_07726,2025-12-06,188
user_06105,2025-11-06,218
user_05224,2025-12-10,184
user_08502,2025-11-11,213
user_01556,2025-11-27,197
user_07211,2025-12-25,169
user_04833,2025-11-29,195
user_02092,2025-12-24,170
user_07260,2025-09-26,259
user_09253,2025-12-22,172
user_09967,2025-10-31,224
user_03947,2025-10-19,236
user_08574,2025-08-20,296
user_09577,2025-10-28,227
user_04177,2025-10-13,242
user_05247,2025-12-06,188
user_06002,2025-12-29,165
user_02805,2025-10-11,244
user_05624,2025-12-05,189
user_08597,2025-12-14,180
user_07244,2025-09-25,260
user_02167,2025-10-05,250
user_05691,2025-11-08,216
user_06319,2025-11-08,216
user_07893,2025-10-17,238
user_05105,2025-11-06,218
user_06833,2025-11-30,194
user_08779,2025-07-23,324
user_04133,2025-09-03,282
user_00434,2025-10-04,251
user_00964,2025-08-06,310
user_01713,2025-11-06,218
user_05442,2025-09-01,284
user_07340,2025-10-12,243
user_09790,2025-11-17,207
user_03093,2025-12-31,163
user_04326,2025-11-19,205
user_00413,2025-06-07,370
user_05064,2025-12-09,185
user_08396,2025-08-26,290
user_06703,2025-12-12,182
user_01259,2025-08-13,303
user_06166,2025-12-13,181
user_07510,2025-12-16,178
user_09909,2025-07-28,319
user_02974,2025-07-04,343
user_04672,2025-10-04,251
user_02055,2025-07-29,318
user_05039,2025-09-26,259
user_08255,2025-12-09,185
user_00623,2025-09-23,262
user_07201,2025-12-13,181
user_08139,2025-11-09,215
user_05999,2025-11-20,204
user_08640,2025-07-31,316
user_08013,2025-08-27,289
user_01180,2025-11-26,198
user_03593,2025-09-08,277
user_03613,2025-10-24,231
user_03938,2025-05-07,401
user_07302,2025-06-11,366
user_09313,2025-12-06,188
user_07374,2025-12-21,173
user_03801,2025-12-14,180
user_06194,2025-11-26,198
user_07187,2025-08-24,292
user_07232,2025-11-20,204
user_02628,2025-12-12,182
user_02922,2025-12-25,169
user_02410,2025-11-28,196
user_08987,2025-07-16,331
user_07939,2025-11-23,201
user_03411,2025-12-12,182
user_07397,2025-12-12,182
user_08523,2025-11-03,221
user_03344,2025-11-23,201
user_04618,2025-10-01,254
user_09207,2025-10-14,241
user_08543,2025-11-08,216
user_06385,2025-05-11,397
user_02101,2025-12-06,188
user_05883,2025-11-20,204
user_01979,2025-12-21,173
user_00587,2025-12-18,176
user_04758,2025-12-27,167
user_00573,2025-09-16,269
user_00889,2025-09-16,269
user_03425,2025-12-21,173
user_06743,2025-08-28,288
user_04204,2025-12-09,185
user_03576,2025-12-13,181
user_03604,2025-12-21,173
user_08339,2025-10-04,251
user_01473,2025-12-27,167
user_08752,2025-12-09,185
user_05621,2025-11-04,220
user_04580,2025-08-13,303
user_03385,2025-12-29,165
user_06092,2025-12-26,168
user_08097,2025-10-27,228
user_08821,2025-12-29,165
user_03358,2025-11-26,198
user_07684,2025-11-22,202
user_05989,2025-11-12,212
user_04949,2025-12-29,165
user_00687,2025-12-10,184
user_09124,2025-12-13,181
user_03171,2025-12-19,175
user_06523,2025-12-10,184
user_08407,2025-10-05,250
user_09176,2025-11-22,202
user_02474,2025-11-29,195
user_09484,2025-11-02,222
user_07090,2025-09-28,257
user_00049,2025-07-04,343
user_05115,2025-09-19,266
user_08209,2025-12-19,175
user_09329,2025-12-20,174
user_04751,2025-10-02,253
user_01463,2025-12-30,164
user_09214,2025-11-22,202
user_09446,2025-12-25,169
user_05845,2025-08-21,295
user_08802,2025-12-06,188
user_02213,2025-05-17,391
user_01073,2025-12-31,163
user_07683,2025-08-12,304
user_00772,2025-12-23,171
user_07851,2025-09-13,272
user_06969,2025-10-26,229
user_00249,2025-07-14,333
user_02061,2025-11-24,200
user_05042,2025-10-04,251
user_07599,2025-08-19,297
user_05299,2025-12-26,168
user_00398,2025-12-08,186
user_05837,2025-09-26,259
user_05863,2025-11-18,206
user_08586,2025-11-17,207
user_02281,2025-11-11,213
user_01252,2025-12-29,165
user_01016,2025-11-29,195
user_08684,2025-09-05,280
user_00416,2025-07-13,334
user_01828,2025-11-02,222
user_07131,2025-11-14,210
user_03150,2025-11-11,213
user_07524,2025-09-05,280
user_00406,2025-11-14,210
user_01821,2025-12-24,170
user_01761,2025-12-03,191
user_04406,2025-12-18,176
user_00521,2025-07-28,319
user_08164,2025-11-03,221
user_08106,2025-11-12,212
user_06831,2025-11-02,222
user_06362,2025-12-22,172
user_08747,2025-12-30,164
user_08038,2025-12-11,183
user_04777,2025-12-05,189
user_04055,2025-08-11,305
user_06263,2025-12-13,181
user_01675,2025-09-07,278
user_02257,2025-11-21,203
user_00819,2025-12-09,185
user_09740,2025-12-23,171
user_01648,2025-10-25,230
user_05887,2025-11-11,213
user_04385,2025-12-07,187
user_07723,2025-10-13,242
user_06990,2025-09-19,266
user_00173,2025-10-11,244
user_00417,2025-10-07,248
user_02529,2025-11-06,218
user_09945,2025-09-28,257
user_06812,2025-11-12,212
user_05886,2025-05-26,382
user_04895,2025-09-23,262
user_07532,2025-12-14,180
user_04210,2025-10-03,252
user_06586,2025-11-16,208
user_09101,2025-11-20,204
user_09192,2025-08-31,285
user_08147,2025-12-03,191
user_04506,2025-09-26,259
user_03628,2025-12-28,166
user_01186,2025-12-12,182
user_02989,2025-11-16,208
user_09256,2025-07-27,320
user_00057,2025-12-28,166
user_01040,2025-09-25,260
user_02081,2025-10-17,238
user_03305,2025-05-29,379
user_03282,2025-12-21,173
user_06398,2025-12-27,167
user_09541,2025-12-14,180
user_02780,2025-11-20,204
user_07127,2025-07-28,319
user_04854,2025-11-25,199
user_09215,2025-08-13,303
user_01490,2025-12-12,182
user_07253,2025-09-29,256
user_01947,2025-11-18,206
user_07373,2025-11-06,218
user_03065,2025-06-25,352
user_01698,2025-11-14,210
user_02560,2025-12-09,185
user_01753,2025-11-01,223
user_00155,2025-12-25,169
user_05919,2025-12-17,177
user_03353,2025-11-04,220
user_07092,2025-10-15,240
user_06307,2025-11-18,206
user_03244,2025-10-27,228
user_09158,2025-09-01,284
user_04633,2025-12-19,175
user_01578,2025-12-12,182
user_04845,2025-12-29,165
user_08175,2025-10-02,253
user_02950,2025-12-26,168
user_02543,2025-11-04,220
user_08457,2025-10-25,230
user_02498,2025-07-24,323
user_08383,2025-11-09,215
user_05925,2025-12-12,182
user_07920,2025-11-17,207
user_00236,2025-10-06,249
user_05770,2025-11-05,219
user_00177,2025-12-09,185
user_04275,2025-12-31,163
user_05218,2025-12-12,182
user_00510,2025-08-19,297
user_01963,2025-07-26,321
user_00517,2025-08-26,290
user_02604,2025-12-19,175
user_01113,2025-06-04,373
user_03734,2025-10-10,245
user_07158,2025-12-18,176
user_00428,2025-11-05,219
user_05607,2025-12-18,176
user_00498,2025-11-18,206
user_05651,2025-08-30,286
user_02806,2025-07-19,328
user_05307,2025-12-28,166
user_08372,2025-09-07,278
user_02985,2025-12-15,179
user_08264,2025-12-21,173
user_03426,2025-10-23,232
user_02892,2025-10-05,250
user_03336,2025-08-02,314
user_02305,2025-10-09,246
user_05169,2025-11-14,210
user_05014,2025-12-22,172
user_02246,2025-08-25,291
user_09806,2025-11-07,217
user_01094,2025-12-22,172
user_05085,2025-12-15,179
user_06849,2025-11-29,195
user_01895,2025-09-27,258
user_08681,2025-10-20,235
user_07872,2025-12-27,167
user_09809,2025-11-28,196
user_05278,2025-12-09,185
user_00331,2025-11-16,208
user_00078,2025-12-24,170
user_03531,2025-12-23,171
user_01542,2025-12-17,177
user_00411,2025-06-30,347
user_08351,2025-11-27,197
user_05261,2025-07-12,335
user_00006,2025-11-30,194
user_07070,2025-10-26,229
user_03537,2025-12-24,170
user_08737,2025-12-25,169
user_03806,2025-06-09,368
user_07633,2025-07-11,336
user_05132,2025-09-26,259
user_03690,2025-12-11,183
user_05838,2025-12-02,192
user_07822,2025-07-28,319
user_05664,2025-06-12,365
user_02490,2025-11-13,211
user_08838,2025-12-13,181
user_09296,2025-12-05,189
user_01274,2025-11-18,206
user_06515,2025-12-07,187
user_02596,2025-11-26,198
user_09042,2025-12-13,181
user_04404,2025-06-14,363
user_09639,2025-12-06,188
user_09113,2025-11-24,200
user_03481,2025-12-17,177
user_02204,2025-11-27,197
user_08417,2025-11-21,203
user_05765,2025-08-08,308
user_02959,2025-10-08,247
user_09977,2025-11-20,204
user_03711,2025-12-16,178
user_06125,2025-11-01,223
user_01086,2025-12-25,169
user_02129,2025-11-20,204
user_02368,2025-06-16,361
user_01610,2025-10-03,252
user_01223,2025-11-25,199
user_08511,2025-10-22,233
user_05931,2025-12-01,193
user_02849,2025-12-21,173
user_04739,2025-11-27,197
user_07832,2025-12-31,163
user_09112,2025-12-29,165
user_01004,2025-06-18,359
user_00275,2025-06-18,359
user_04677,2025-10-17,238
user_02115,2025-09-07,278
user_03370,2025-10-26,229
user_09140,2025-12-30,164
user_03956,2025-11-20,204
user_00024,2025-12-11,183
user_07121,2025-10-02,253
user_04152,2025-12-03,191
user_09120,2025-06-20,357
user_07316,2025-12-04,190
user_06220,2025-10-14,241
user_03236,2025-10-08,247
user_06158,2025-12-31,163
user_06518,2025-12-14,180
user_00044,2025-09-09,276
user_04117,2025-10-24,231
user_02415,2025-08-25,291
user_09337,2025-12-10,184
user_03280,2025-11-19,205
user_07653,2025-12-17,177
user_04042,2025-12-09,185
user_03618,2025-11-26,198
user_04692,2025-10-17,238
user_08817,2025-09-24,261
user_03686,2025-12-29,165
user_03201,2025-07-27,320
user_05242,2025-11-18,206
user_00082,2025-12-15,179
user_08420,2025-10-08,247
user_07718,2025-11-24,200
user_08558,2025-07-29,318
user_09683,2025-10-03,252
user_07217,2025-07-29,318
user_07215,2025-08-03,313
user_04901,2025-06-24,353
user_07979,2025-09-28,257
user_00188,2025-12-25,169
user_04959,2025-12-22,172
user_02399,2025-12-18,176
user_07508,2025-07-17,330
user_02948,2025-12-25,169
user_04212,2025-12-06,188
user_02638,2025-12-17,177
user_02599,2025-07-14,333
user_01471,2025-09-17,268
user_05687,2025-10-19,236
user_07585,2025-11-11,213
user_05606,2025-10-17,238
user_01616,2025-12-20,174
user_05671,2025-11-13,211
user_09436,2025-12-16,178
user_02958,2025-10-22,233
user_04451,2025-10-01,254
user_03496,2025-11-16,208
user_04648,2025-07-19,328
user_02421,2025-12-17,177
user_00500,2025-11-17,207
user_08131,2025-11-09,215
user_05433,2025-10-08,247
user_09277,2025-08-25,291
user_05841,2025-12-31,163
user_04080,2025-12-22,172
user_02647,2025-11-16,208
user_06626,2025-12-29,165
user_09759,2025-12-17,177
user_03147,2025-11-27,197
user_05282,2025-09-20,265
user_04135,2025-11-21,203
user_08784,2025-07-01,346
user_09661,2025-12-26,168
user_09196,2025-08-26,290
user_03926,2025-11-06,218
user_06526,2025-12-06,188
user_04649,2025-09-04,281
user_03563,2025-11-20,204
user_07417,2025-12-04,190
user_03008,2025-12-27,167
user_02228,2025-11-05,219
user_05758,2025-07-01,346
user_00323,2025-09-29,256
user_01369,2025-09-18,267
user_07635,2025-08-16,300
user_05052,2025-11-25,199
user_06132,2025-12-11,183
user_05778,2025-12-27,167
user_05068,2025-12-16,178
user_01143,2025-10-08,247
user_06262,2025-11-24,200
user_01135,2025-12-28,166
user_07827,2025-10-07,248
user_03619,2025-12-01,193
user_06978,2025-08-15,301
user_08925,2025-12-12,182
user_02039,2025-11-23,201
user_07581,2025-10-16,239
user_06419,2025-12-16,178
user_06726,2025-12-06,188
user_02523,2025-12-17,177
user_08266,2025-12-04,190
user_08790,2025-12-20,174
user_00660,2025-10-18,237
user_09989,2025-12-27,167
user_02907,2025-08-23,293
user_05333,2025-07-05,342
user_03319,2025-10-19,236
user_05498,2025-09-02,283
user_03193,2025-11-25,199
user_07073,2025-09-14,271
user_02988,2025-11-20,204
user_09959,2025-12-06,188
user_00094,2025-11-01,223
user_09818,2025-12-29,165
user_02581,2025-11-08,216
user_02510,2025-10-27,228
user_06099,2025-12-24,170
user_06777,2025-10-06,249
user_01497,2025-08-14,302
user_07298,2025-12-17,177
user_04070,2025-07-12,335
user_01701,2025-12-23,171
user_03897,2025-07-09,338
user_09322,2025-11-22,202
user_07046,2025-10-21,234
user_01869,2025-12-24,170
user_01307,2025-07-17,330
user_01316,2025-12-24,170
user_01506,2025-11-19,205
user_00696,2025-07-10,337
user_09960,2025-10-30,225
user_01634,2025-12-23,171
user_01244,2025-07-11,336
user_08412,2025-11-30,194
user_09406,2025-08-10,306
user_07221,2025-07-13,334
user_02751,2025-12-25,169
user_00846,2025-10-30,225
user_01861,2025-08-05,311
user_08214,2025-12-28,166
user_06190,2025-10-31,224
user_04710,2025-12-05,189
user_04737,2025-10-27,228
user_00222,2025-12-20,174
user_04365,2025-12-31,163
user_07518,2025-09-10,275
user_04324,2025-09-12,273
user_05378,2025-12-22,172
user_08529,2025-09-21,264
user_01102,2025-10-03,252
user_02299,2025-12-21,173
user_03656,2025-12-11,183
user_03923,2025-11-21,203
user_00066,2025-11-06,218
user_00448,2025-11-05,219
user_02790,2025-09-22,263
user_09753,2025-07-13,334
user_06208,2025-11-22,202
user_07734,2025-12-22,172
user_08326,2025-12-18,176
user_06242,2025-12-28,166
user_01017,2025-11-02,222
user_09993,2025-11-13,211
user_01914,2025-11-05,219
user_08549,2025-11-13,211
user_01661,2025-10-24,231
user_04427,2025-11-24,200
user_05187,2025-11-08,216
user_07326,2025-11-08,216
user_01151,2025-08-13,303
user_02231,2025-08-23,293
user_02933,2025-07-15,332
user_05175,2025-07-26,321
user_02344,2025-12-15,179
user_01696,2025-10-09,246
user_08591,2025-10-24,231
user_06472,2025-12-05,189
user_05908,2025-07-16,331
user_04799,2025-12-22,172
user_04669,2025-11-09,215
user_09687,2025-11-26,198
user_00297,2025-10-22,233
user_02098,2025-12-12,182
user_03034,2025-10-06,249
user_03395,2025-11-02,222
user_04476,2025-10-30,225
user_06109,2025-07-17,330
user_08988,2025-12-18,176
user_01988,2025-10-27,228
user_06480,2025-12-06,188
user_08116,2025-10-14,241
user_00209,2025-12-18,176
user_05004,2025-11-26,198
user_02843,2025-08-08,308
user_07132,2025-11-08,216
user_03672,2025-11-28,196
user_06509,2025-12-29,165
user_08319,2025-12-29,165
user_02608,2025-12-13,181
user_04053,2025-11-17,207
user_08019,2025-12-10,184
user_02506,2025-12-23,171
user_01888,2025-12-02,192
user_03138,2025-07-21,326
user_02112,2025-07-21,326
user_04750,2025-09-21,264
user_02339,2025-07-21,326
user_03243,2025-07-21,326
user_06371,2025-08-16,300
user_03846,2025-11-16,208
user_08145,2025-12-19,175
user_01805,2025-12-27,167
user_00251,2025-08-23,293
user_03958,2025-12-18,176
user_09333,2025-07-23,324
user_03300,2025-12-11,183
user_05236,2025-07-23,324
user_08041,2025-12-29,165
user_08447,2025-12-02,192
user_09671,2025-09-17,268
user_08047,2025-09-28,257
user_00039,2025-11-20,204
user_06249,2025-12-26,168
user_09273,2025-11-11,213
user_03626,2025-12-17,177
user_04718,2025-11-12,212
user_00650,2025-07-26,321
user_06144,2025-07-26,321
user_01253,2025-09-23,262
user_02726,2025-12-06,188
user_01085,2025-07-27,320
user_02005,2025-12-23,171
user_09017,2025-11-24,200
user_01950,2025-12-14,180
user_03575,2025-12-04,190
user_03219,2025-09-25,260
user_05168,2025-12-08,186
user_01087,2025-08-22,294
user_07556,2025-11-12,212
user_04159,2025-11-30,194
user_05006,2025-12-01,193
user_04656,2025-11-06,218
user_04715,2025-09-04,281
user_04345,2025-11-27,197
user_03553,2025-10-14,241
user_06710,2025-10-22,233
user_05167,2025-11-26,198
user_08234,2025-10-06,249
user_01784,2025-12-16,178
user_02721,2025-07-31,316
user_00862,2025-07-31,316
user_03023,2025-12-14,180
user_04220,2025-12-29,165
user_01250,2025-12-25,169
user_00052,2025-08-01,315
user_09738,2025-12-07,187
user_08935,2025-08-01,315
user_04521,2025-08-27,289
user_08952,2025-08-19,297
user_02136,2025-12-22,172
user_08283,2025-10-19,236
user_01999,2025-12-03,191
user_07491,2025-11-28,196
user_08320,2025-12-21,173
user_02137,2025-11-02,222
user_02793,2025-10-27,228
user_02972,2025-09-28,257
user_05939,2025-11-16,208
user_04171,2025-12-29,165
user_07297,2025-11-04,220
user_03878,2025-11-06,218
user_09664,2025-08-04,312
user_00931,2025-12-30,164
user_03014,2025-08-04,312
user_01433,2025-12-28,166
user_09690,2025-08-31,285
user_02541,2025-08-09,307
user_05581,2025-12-30,164
user_03196,2025-11-23,201
user_02177,2025-12-29,165
user_03419,2025-08-06,310
user_05015,2025-11-14,210
user_08086,2025-08-22,294
user_05650,2025-10-17,238
user_03566,2025-12-05,189
user_01643,2025-11-29,195
user_02020,2025-09-22,263
user_08198,2025-09-27,258
user_09673,2025-08-08,308
user_03373,2025-10-28,227
user_00363,2025-12-28,166
user_02002,2025-12-25,169
user_09823,2025-12-03,191
user_04155,2025-10-04,251
user_00770,2025-10-26,229
user_00002,2025-11-28,196
user_08655,2025-09-01,284
user_09184,2025-12-17,177
user_08384,2025-09-14,271
user_00882,2025-08-10,306
user_09765,2025-09-09,276
user_01566,2025-11-19,205
user_00905,2025-11-29,195
user_00157,2025-12-30,164
user_09731,2025-09-18,267
user_01834,2025-12-03,191
user_09468,2025-10-11,244
user_02384,2025-11-23,201
user_02190,2025-08-31,285
user_01965,2025-12-02,192
user_05625,2025-10-28,227
user_05531,2025-09-21,264
user_00129,2025-11-03,221
user_00267,2025-12-30,164
user_05205,2025-08-20,296
user_05545,2025-09-02,283
user_06122,2025-11-13,211
user_01147,2025-11-22,202
user_08058,2025-08-16,300
user_03195,2025-09-27,258
user_04219,2025-10-12,243
user_06049,2025-11-09,215
user_02914,2025-12-25,169
user_08703,2025-12-09,185
user_02867,2025-12-17,177
user_09499,2025-08-18,298
user_02771,2025-11-21,203
user_00890,2025-10-31,224
user_05136,2025-09-28,257
user_05699,2025-08-19,297
user_04277,2025-12-02,192
user_02770,2025-10-28,227
user_02794,2025-08-29,287
user_02296,2025-12-11,183
user_00861,2025-10-17,238
user_00270,2025-12-27,167
user_07368,2025-11-07,217
user_02778,2025-08-20,296
user_03931,2025-11-09,215
user_01518,2025-12-08,186
user_06210,2025-12-24,170
user_02481,2025-10-14,241
user_09572,2025-09-12,273
user_09306,2025-12-29,165
user_09861,2025-12-19,175
user_09828,2025-12-31,163
user_03974,2025-11-30,194
user_02110,2025-08-22,294
user_09352,2025-08-22,294
user_05422,2025-12-18,176
user_00840,2025-10-28,227
user_03555,2025-12-01,193
user_08839,2025-12-12,182
user_04812,2025-11-19,205
user_09829,2025-12-13,181
user_09794,2025-11-30,194
user_01655,2025-12-26,168
user_08161,2025-11-30,194
user_04251,2025-12-20,174
user_02458,2025-10-31,224
user_07403,2025-12-21,173
user_06316,2025-12-15,179
user_08428,2025-09-04,281
user_02321,2025-10-04,251
user_04746,2025-10-12,243
user_03435,2025-08-25,291
user_08728,2025-12-17,177
user_02648,2025-08-26,290
user_00803,2025-10-14,241
user_04011,2025-11-16,208
user_00407,2025-11-29,195
user_08960,2025-10-21,234
user_07465,2025-11-29,195
user_05213,2025-10-13,242
user_02322,2025-10-02,253
user_06331,2025-08-28,288
user_00546,2025-10-31,224
user_00952,2025-12-16,178
user_09338,2025-12-26,168
user_09986,2025-12-28,166
user_00487,2025-08-29,287
user_02468,2025-11-09,215
user_01119,2025-11-17,207
user_08212,2025-12-08,186
user_03602,2025-12-10,184
user_00298,2025-08-30,286
user_00757,2025-10-23,232
user_03538,2025-12-02,192
user_05323,2025-09-27,258
user_00730,2025-08-31,285
user_07661,2025-10-16,239
user_00749,2025-09-12,273
user_09531,2025-11-11,213
user_05812,2025-09-28,257
user_07814,2025-09-14,271
user_02850,2025-12-04,190
user_00504,2025-11-15,209
user_09626,2025-12-02,192
user_06356,2025-09-05,280
user_02567,2025-12-10,184
user_01550,2025-10-30,225
user_02123,2025-10-15,240
user_01414,2025-09-03,282
user_03441,2025-12-16,178
user_08947,2025-12-22,172
user_07660,2025-10-29,226
user_07367,2025-12-16,178
user_02916,2025-12-09,185
user_02814,2025-09-05,280
user_01454,2025-12-30,164
user_08672,2025-11-28,196
user_05646,2025-11-08,216
user_05026,2025-12-04,190
user_09748,2025-11-12,212
user_06858,2025-11-10,214
user_03876,2025-11-08,216
user_02544,2025-12-24,170
user_06311,2025-09-10,275
user_00750,2025-11-15,209
user_07797,2025-12-19,175
user_03899,2025-09-08,277
user_03486,2025-11-19,205
user_02819,2025-12-02,192
user_00156,2025-12-18,176
user_06367,2025-12-27,167
user_00865,2025-09-24,261
user_01843,2025-11-05,219
user_07378,2025-11-30,194
user_06394,2025-09-16,269
user_07567,2025-11-15,209
user_07801,2025-09-10,275
user_08491,2025-11-05,219
user_00405,2025-12-10,184
user_09162,2025-12-26,168
user_04033,2025-10-29,226
user_01434,2025-10-19,236
user_01825,2025-12-28,166
user_07560,2025-11-10,214
user_04468,2025-12-27,167
user_08648,2025-12-04,190
user_05349,2025-12-15,179
user_08359,2025-10-28,227
user_07685,2025-12-07,187
user_07239,2025-09-13,272
user_07063,2025-09-13,272
user_06271,2025-12-24,170
user_07602,2025-09-14,271
user_07284,2025-12-17,177
user_02243,2025-12-04,190
user_09565,2025-10-20,235
user_05536,2025-12-15,179
user_08658,2025-11-07,217
user_08176,2025-11-21,203
user_05037,2025-12-01,193
user_02965,2025-09-15,270
user_06762,2025-12-29,165
user_08852,2025-09-24,261
user_06895,2025-12-07,187
user_02328,2025-09-16,269
user_08715,2025-11-19,205
user_08391,2025-12-01,193
user_02584,2025-12-24,170
user_03922,2025-12-26,168
user_06848,2025-12-30,164
user_06552,2025-09-25,260
user_06702,2025-12-28,166
user_08713,2025-12-06,188
user_00141,2025-10-16,239
user_00043,2025-10-28,227
user_03804,2025-09-18,267
user_05521,2025-11-26,198
user_08362,2025-12-30,164
user_00753,2025-11-01,223
user_03246,2025-10-19,236
user_06528,2025-09-19,266
user_00342,2025-12-12,182
user_07109,2025-10-08,247
user_05438,2025-09-20,265
user_08272,2025-10-21,234
user_09016,2025-12-29,165
user_02326,2025-11-25,199
user_08229,2025-09-20,265
user_09597,2025-11-24,200
user_01342,2025-12-01,193
user_05762,2025-10-03,252
user_08918,2025-09-21,264
user_01303,2025-12-09,185
user_05722,2025-09-21,264
user_04969,2025-12-13,181
user_01955,2025-12-26,168
user_00486,2025-09-22,263
user_07243,2025-09-22,263
user_05199,2025-12-25,169
user_01886,2025-12-04,190
user_07317,2025-12-27,167
user_04645,2025-12-13,181
user_07655,2025-11-19,205
user_00286,2025-12-04,190
user_06599,2025-11-12,212
user_06562,2025-12-29,165
user_04791,2025-11-09,215
user_07415,2025-12-05,189
user_08582,2025-12-15,179
user_04169,2025-09-25,260
user_00443,2025-09-26,259
user_05662,2025-09-28,257
user_04122,2025-09-26,259
user_04097,2025-11-20,204
user_05788,2025-09-26,259
user_04116,2025-09-26,259
user_08193,2025-11-30,194
user_09947,2025-10-22,233
user_08545,2025-09-27,258
user_00193,2025-09-27,258
user_08148,2025-11-16,208
user_07592,2025-11-30,194
user_04623,2025-09-28,257
user_08785,2025-12-07,187
user_02682,2025-09-29,256
user_05327,2025-10-03,252
user_02267,2025-09-29,256
user_01683,2025-12-24,170
user_07324,2025-11-29,195
user_06115,2025-12-03,191
user_08814,2025-09-30,255
user_00722,2025-10-14,241
user_02429,2025-12-22,172
user_02403,2025-11-06,218
user_09667,2025-10-01,254
user_09760,2025-12-14,180
user_02111,2025-11-20,204
user_09638,2025-12-18,176
user_05207,2025-10-02,253
user_00372,2025-10-02,253
user_01315,2025-10-02,253
user_09134,2025-12-03,191
user_07897,2025-12-27,167
user_04087,2025-12-20,174
user_02428,2025-12-31,163
user_04702,2025-12-22,172
user_08593,2025-12-31,163
user_06455,2025-11-17,207
user_01482,2025-10-04,251
user_09995,2025-10-04,251
user_01169,2025-10-04,251
user_09210,2025-10-05,250
user_00138,2025-10-15,240
user_07235,2025-12-25,169
user_09485,2025-12-31,163
user_03917,2025-10-16,239
user_09920,2025-12-23,171
user_07632,2025-12-28,166
user_05892,2025-12-26,168
user_09011,2025-10-06,249
user_09744,2025-12-26,168
user_05194,2025-11-01,223
user_00379,2025-12-22,172
user_06655,2025-10-07,248
user_08014,2025-10-07,248
user_07060,2025-12-29,165
user_05312,2025-12-16,178
user_02400,2025-12-03,191
user_00677,2025-12-12,182
user_05449,2025-11-12,212
user_08889,2025-12-02,192
user_06281,2025-12-04,190
user_06922,2025-10-08,247
user_05480,2025-12-31,163
user_07473,2025-12-24,170
user_02763,2025-10-09,246
user_02708,2025-10-10,245
user_09612,2025-12-15,179
user_09711,2025-10-10,245
user_09223,2025-12-10,184
user_03174,2025-12-24,170
user_08904,2025-10-11,244
user_09762,2025-12-15,179
user_06687,2025-11-05,219
user_03043,2025-10-11,244
user_07704,2025-11-08,216
user_08944,2025-12-16,178
user_03759,2025-12-15,179
user_01310,2025-12-30,164
user_09620,2025-10-13,242
user_04876,2025-12-12,182
user_02795,2025-12-30,164
user_02325,2025-12-11,183
user_05437,2025-10-24,231
user_01122,2025-12-15,179
user_00195,2025-11-10,214
user_04368,2025-12-12,182
user_08237,2025-10-24,231
user_03577,2025-12-26,168
user_06241,2025-10-15,240
user_03912,2025-11-25,199
user_00717,2025-11-03,221
user_05804,2025-10-16,239
user_04852,2025-10-16,239
user_08458,2025-12-31,163
user_03095,2025-12-16,178
user_06887,2025-12-08,186
user_06277,2025-10-26,229
user_00108,2025-12-30,164
user_05718,2025-12-09,185
user_06476,2025-12-22,172
user_09798,2025-12-14,180
user_08575,2025-10-18,237
user_09205,2025-11-04,220
user_08751,2025-10-18,237
user_07024,2025-10-18,237
user_01355,2025-11-18,206
user_01188,2025-12-06,188
user_04090,2025-11-10,214
user_08464,2025-10-18,237
user_02394,2025-10-19,236
user_04266,2025-11-18,206
user_07593,2025-11-13,211
user_06178,2025-10-26,229
user_07796,2025-12-09,185
user_08490,2025-10-20,235
user_04690,2025-12-06,188
user_05710,2025-10-21,234
user_07562,2025-12-02,192
user_01870,2025-10-21,234
user_01222,2025-10-22,233
user_00234,2025-12-01,193
user_01694,2025-12-08,186
user_09663,2025-11-25,199
user_00183,2025-10-22,233
user_00153,2025-11-28,196
user_07566,2025-11-30,194
user_06392,2025-12-07,187
user_02494,2025-10-23,232
user_04279,2025-10-25,230
user_06425,2025-10-23,232
user_08397,2025-11-01,223
user_06758,2025-11-24,200
user_07363,2025-11-02,222
user_07071,2025-10-23,232
user_01538,2025-12-02,192
user_08641,2025-10-24,231
user_04538,2025-10-24,231
user_07896,2025-10-24,231
user_08569,2025-12-08,186
user_08009,2025-12-10,184
user_07992,2025-10-24,231
user_06579,2025-10-25,230
user_07358,2025-12-25,169
user_04227,2025-11-19,205
user_08321,2025-12-20,174
user_06731,2025-10-25,230
user_08740,2025-11-12,212
user_09697,2025-12-09,185
user_04233,2025-11-18,206
user_04209,2025-11-08,216
user_08806,2025-12-22,172
user_00636,2025-12-29,165
user_03853,2025-11-22,202
user_03471,2025-10-26,229
user_02925,2025-11-25,199
user_00281,2025-12-07,187
user_09204,2025-11-10,214
user_03352,2025-10-27,228
user_02863,2025-10-28,227
user_09526,2025-12-14,180
user_00802,2025-11-13,211
user_00035,2025-10-28,227
user_00254,2025-10-29,226
user_04161,2025-12-14,180
user_07984,2025-12-23,171
user_01339,2025-12-25,169
user_09097,2025-11-21,203
user_01338,2025-11-15,209
user_05635,2025-12-28,166
user_08627,2025-12-02,192
user_01053,2025-10-30,225
user_03465,2025-12-07,187
user_05566,2025-12-28,166
user_08861,2025-12-25,169
user_02464,2025-11-09,215
user_07948,2025-10-31,224
user_02522,2025-11-27,197
user_02737,2025-11-01,223
user_04689,2025-11-02,222
user_09069,2025-11-02,222
user_04446,2025-12-31,163
user_02650,2025-11-02,222
user_08571,2025-11-02,222
user_06300,2025-12-09,185
user_09129,2025-11-11,213
user_08016,2025-12-25,169
user_03768,2025-11-12,212
user_04397,2025-12-09,185
user_01746,2025-11-04,220
user_03129,2025-12-04,190
user_01486,2025-12-24,170
user_01847,2025-11-05,219
user_02076,2025-11-05,219
user_09924,2025-11-23,201
user_01994,2025-11-21,203
user_07769,2025-12-05,189
user_03454,2025-12-10,184
user_05987,2025-12-06,188
user_09617,2025-11-23,201
user_03045,2025-12-17,177
user_04539,2025-11-07,217
user_08492,2025-12-28,166
user_01467,2025-12-23,171
user_06878,2025-11-08,216
user_01664,2025-11-10,214
user_03783,2025-11-08,216
user_08739,2025-11-08,216
user_00616,2025-11-08,216
user_03061,2025-11-08,216
user_07097,2025-12-28,166
user_04077,2025-11-23,201
user_00410,2025-11-16,208
user_08815,2025-12-29,165
user_07686,2025-11-09,215
user_08335,2025-11-09,215
user_09527,2025-11-29,195
user_01001,2025-11-09,215
user_05466,2025-12-06,188
user_07915,2025-11-09,215
user_02015,2025-12-10,184
user_08259,2025-12-03,191
user_01935,2025-12-30,164
user_08678,2025-12-15,179
user_05751,2025-11-26,198
user_01584,2025-12-27,167
user_07968,2025-12-18,176
user_03754,2025-11-11,213
user_00530,2025-12-14,180
user_01254,2025-11-11,213
user_05963,2025-11-22,202
user_08069,2025-11-12,212
user_07759,2025-11-12,212
user_00961,2025-11-12,212
user_00135,2025-12-05,189
user_04597,2025-11-12,212
user_07387,2025-11-12,212
user_09362,2025-11-26,198
user_06678,2025-11-12,212
user_07083,2025-11-13,211
user_09263,2025-12-12,182
user_07347,2025-11-13,211
user_03616,2025-11-13,211
user_06060,2025-11-13,211
user_00132,2025-11-14,210
user_06614,2025-11-14,210
user_05408,2025-11-14,210
user_04509,2025-12-16,178
user_08883,2025-12-22,172
user_03598,2025-11-15,209
user_05781,2025-11-15,209
user_03785,2025-11-15,209
user_05640,2025-12-10,184
user_03588,2025-11-15,209
user_08758,2025-11-16,208
user_05000,2025-11-24,200
user_01818,2025-12-17,177
user_08646,2025-11-16,208
user_01917,2025-11-16,208
user_06199,2025-12-23,171
user_01347,2025-12-10,184
user_01054,2025-11-16,208
user_07517,2025-12-11,183
user_01287,2025-12-03,191
user_03060,2025-12-19,175
user_01851,2025-11-20,204
user_08592,2025-11-17,207
user_03508,2025-11-18,206
user_08465,2025-11-18,206
user_07636,2025-11-18,206
user_04119,2025-11-18,206
user_02470,2025-12-09,185
user_00545,2025-12-18,176
user_03600,2025-12-09,185
user_00701,2025-11-19,205
user_06820,2025-11-23,201
user_03378,2025-12-06,188
user_03717,2025-11-21,203
user_07529,2025-12-14,180
user_00160,2025-11-22,202
user_02597,2025-12-07,187
user_07426,2025-12-19,175
user_05400,2025-11-22,202
user_05944,2025-12-21,173
user_06815,2025-12-10,184
user_08811,2025-11-23,201
user_08218,2025-11-26,198
user_00009,2025-11-23,201
user_06200,2025-11-24,200
user_04966,2025-11-24,200
user_04230,2025-11-24,200
user_01373,2025-11-24,200
user_06982,2025-12-19,175
user_07512,2025-11-25,199
user_06400,2025-11-25,199
user_06449,2025-11-25,199
user_09864,2025-11-25,199
user_04098,2025-11-25,199
user_05864,2025-11-26,198
user_05495,2025-11-26,198
user_03194,2025-11-26,198
user_09015,2025-11-26,198
user_04863,2025-12-22,172
user_01576,2025-12-22,172
user_03913,2025-11-27,197
user_00568,2025-11-27,197
user_05479,2025-11-27,197
user_00611,2025-12-12,182
user_06837,2025-12-01,193
user_03276,2025-12-01,193
user_06873,2025-11-28,196
user_02622,2025-11-28,196
user_07595,2025-12-15,179
user_07612,2025-11-28,196
user_04299,2025-11-29,195
user_01874,2025-12-07,187
user_03381,2025-11-30,194
user_03013,2025-11-30,194
user_03997,2025-12-01,193
user_05805,2025-12-01,193
user_01838,2025-12-01,193
user_04047,2025-12-01,193
user_09810,2025-12-01,193
user_09439,2025-12-02,192
user_06206,2025-12-02,192
user_03512,2025-12-03,191
user_09633,2025-12-19,175
user_05938,2025-12-03,191
user_05130,2025-12-04,190
user_08349,2025-12-04,190
user_06107,2025-12-04,190
user_02836,2025-12-05,189
user_00326,2025-12-29,165
user_09149,2025-12-06,188
user_04697,2025-12-06,188
user_09121,2025-12-06,188
user_01537,2025-12-06,188
user_05464,2025-12-06,188
user_05389,2025-12-07,187
user_07061,2025-12-07,187
user_05857,2025-12-09,185
user_07086,2025-12-08,186
user_02252,2025-12-08,186
user_03431,2025-12-08,186
user_07894,2025-12-12,182
user_04579,2025-12-15,179
user_03807,2025-12-09,185
user_04943,2025-12-31,163
user_05713,2025-12-25,169
user_07202,2025-12-09,185
user_06418,2025-12-09,185
user_09395,2025-12-26,168
user_09307,2025-12-10,184
user_09398,2025-12-10,184
user_02651,2025-12-10,184
user_06963,2025-12-10,184
user_01529,2025-12-10,184
user_08590,2025-12-10,184
user_04291,2025-12-11,183
user_06934,2025-12-11,183
user_09219,2025-12-12,182
user_09478,2025-12-12,182
user_09668,2025-12-29,165
user_06473,2025-12-26,168
user_07199,2025-12-12,182
user_01588,2025-12-13,181
user_05555,2025-12-13,181
user_02108,2025-12-14,180
user_08155,2025-12-14,180
user_05647,2025-12-14,180
user_01036,2025-12-14,180
user_01283,2025-12-14,180
user_00327,2025-12-21,173
user_04360,2025-12-15,179
user_07293,2025-12-15,179
user_01569,2025-12-15,179
user_08610,2025-12-15,179
user_05877,2025-12-16,178
user_06725,2025-12-21,173
user_00136,2025-12-16,178
user_03464,2025-12-16,178
user_08596,2025-12-27,167
user_00553,2025-12-25,169
user_00576,2025-12-17,177
user_00501,2025-12-17,177
user_08021,2025-12-18,176
user_09578,2025-12-18,176
user_07835,2025-12-19,175
user_00294,2025-12-19,175
user_09316,2025-12-22,172
user_04218,2025-12-19,175
user_04115,2025-12-19,175
user_03882,2025-12-19,175
user_01149,2025-12-19,175
user_08622,2025-12-20,174
user_09494,2025-12-20,174
user_00585,2025-12-20,174
user_02861,2025-12-23,171
user_04415,2025-12-21,173
user_02006,2025-12-21,173
user_08338,2025-12-21,173
user_09264,2025-12-21,173
user_02161,2025-12-22,172
user_01452,2025-12-27,167
user_06890,2025-12-22,172
user_05101,2025-12-22,172
user_00495,2025-12-22,172
user_05454,2025-12-22,172
user_00810,2025-12-23,171
user_06564,2025-12-23,171
user_02655,2025-12-24,170
user_02361,2025-12-24,170
user_09045,2025-12-24,170
user_08980,2025-12-24,170
user_08282,2025-12-25,169
user_08325,2025-12-25,169
user_07413,2025-12-25,169
user_08425,2025-12-25,169
user_03055,2025-12-25,169
user_05202,2025-12-25,169
user_07933,2025-12-25,169
user_08405,2025-12-26,168
user_07793,2025-12-30,164
user_09655,2025-12-29,165
user_08001,2025-12-29,165
user_05030,2025-12-29,165
user_00560,2025-12-29,165
user_08693,2025-12-30,164
user_07806,2025-12-30,164
user_09114,2025-12-30,164
user_01084,2025-12-30,164
user_09928,2025-12-30,164
user_07591,2025-12-31,163
user_07442,2025-12-31,163
user_09189,2025-12-31,163
user_08788,2025-12-10,184
user_04547,2025-05-17,391
user_01741,2025-12-27,167
user_04437,2025-11-19,205
user_02379,2025-12-29,165
user_04979,2025-08-31,285
user_01301,2025-12-24,170
user_07757,2025-10-10,245
user_07204,2025-12-31,163
user_07015,2025-12-27,167
user_09289,2025-10-30,225
user_05889,2025-11-24,200
user_08994,2025-06-11,366
user_06437,2025-12-18,176
user_01376,2025-12-30,164
user_04595,2025-12-24,170
user_02654,2025-12-29,165
user_08656,2025-10-22,233
user_03081,2025-04-17,421
user_08799,2025-09-08,277
user_02664,2025-12-26,168
user_06924,2025-08-30,286
user_06386,2025-11-30,194
user_01573,2025-08-17,299
user_00365,2025-11-15,209
user_06959,2025-12-22,172
user_01450,2025-12-13,181
user_02635,2025-10-07,248
user_09752,2025-07-31,316
user_07225,2025-09-08,277
user_08310,2025-11-26,198
user_06596,2025-11-21,203
user_09190,2025-06-15,362
user_08726,2025-11-05,219
user_05324,2025-09-27,258
user_01677,2025-05-04,404
user_00564,2025-09-09,276
user_02147,2025-07-25,322
user_02301,2025-12-16,178
user_05116,2025-08-10,306
user_01409,2025-09-12,273
user_02610,2025-12-04,190
user_05584,2025-12-19,175
user_07852,2025-12-14,180
user_06087,2025-11-14,210
user_02448,2025-11-01,223
user_02049,2025-09-26,259
user_06167,2025-08-06,310
user_01679,2025-11-01,223
user_06364,2025-09-13,272
user_02618,2025-12-14,180
user_03755,2025-09-29,256
user_04366,2025-12-30,164
user_07546,2025-08-13,303
user_08998,2025-07-27,320
user_03170,2025-08-13,303
user_08083,2025-11-29,195
user_02248,2025-11-15,209
user_06007,2025-12-19,175
user_04606,2024-11-24,565
user_01214,2025-11-18,206
user_03468,2025-10-15,240
user_06204,2025-12-22,172
user_01997,2025-12-31,163
user_07531,2025-06-06,371
user_01756,2025-11-26,198
user_00292,2025-07-19,328
user_08940,2025-11-24,200
user_09941,2025-12-03,191
user_02324,2024-08-02,679
user_00540,2025-12-20,174
user_06050,2025-12-23,171
user_08765,2025-10-17,238
user_06368,2024-11-08,581
user_01752,2025-08-18,298
user_05296,2025-10-27,228
user_08269,2025-12-27,167
user_09559,2025-12-18,176
user_09404,2025-12-22,172
user_04250,2025-10-15,240
user_06341,2025-08-26,290
user_05118,2025-11-25,199
user_04541,2025-09-02,283
user_00729,2025-10-23,232
user_06141,2025-11-18,206
user_01327,2025-10-12,243
user_05590,2025-12-06,188
user_01312,2025-11-07,217
user_03507,2025-09-21,264
user_09519,2025-12-12,182
user_02564,2025-12-28,166
user_05822,2025-10-20,235
user_09841,2025-10-19,236
user_04681,2025-11-14,210
user_04141,2025-09-28,257
user_00516,2025-12-02,192
user_04436,2025-12-26,168
user_00446,2025-10-20,235
user_05079,2025-12-17,177
user_09359,2025-12-24,170
user_08050,2025-08-30,286
user_05156,2025-12-16,178
user_03340,2025-10-05,250
user_02561,2025-11-15,209
user_05542,2025-09-06,279
user_01526,2025-11-24,200
user_08140,2025-11-18,206
user_07722,2025-03-29,440
user_02130,2025-09-16,269
user_00295,2025-10-12,243
user_08742,2025-11-19,205
user_05054,2025-08-08,308
user_01267,2025-09-20,265
user_08242,2025-12-01,193
user_06512,2025-05-22,386
user_07802,2025-11-11,213
user_00404,2025-08-09,307
user_03449,2025-08-18,298
user_09106,2025-12-31,163
user_03393,2025-12-26,168
user_07994,2025-10-14,241
user_02105,2025-12-23,171
user_09791,2025-12-19,175
user_02525,2025-08-13,303
user_05214,2025-12-27,167
user_04794,2025-09-10,275
user_05005,2025-12-29,165
user_09430,2025-11-23,201
user_09878,2025-09-29,256
user_00351,2025-10-28,227
user_06403,2025-09-02,283
user_09321,2025-11-29,195
user_03549,2025-10-31,224
user_01504,2025-06-11,366
user_06452,2025-02-19,478
user_07226,2025-09-09,276
user_02239,2025-02-16,481
user_08776,2025-08-20,296
user_03103,2025-12-27,167
user_07589,2025-04-12,426
user_03157,2025-09-02,283
user_05287,2025-05-18,390
user_00794,2025-11-28,196
user_06195,2025-11-18,206
user_04443,2025-12-23,171
user_01995,2025-11-01,223
user_01413,2025-09-20,265
user_03817,2025-12-11,183
user_01764,2025-10-18,237
user_08894,2025-11-05,219
user_05269,2024-12-24,535
user_03418,2025-11-21,203
user_07559,2025-12-24,170
user_08142,2025-12-01,193
user_02351,2025-12-20,174
user_06980,2025-12-03,191
user_00386,2025-08-02,314
user_09549,2025-10-30,225
user_06630,2025-08-23,293
user_07572,2025-12-10,184
user_02170,2025-05-09,399
user_09554,2025-10-19,236
user_09674,2025-12-12,182
user_02511,2025-10-05,250
user_03166,2025-12-24,170
user_03488,2025-12-06,188
user_06796,2025-12-23,171
user_06929,2025-11-18,206
user_06161,2025-11-15,209
user_03791,2025-09-13,272
user_01304,2025-04-12,426
user_02189,2025-11-11,213
user_03152,2025-08-20,296
user_04976,2025-06-22,355
user_05858,2025-09-30,255
user_03981,2025-10-28,227
user_08791,2025-11-06,218
user_09027,2025-11-17,207
user_01457,2025-12-06,188
user_08504,2025-12-27,167
user_07420,2025-09-14,271
user_03238,2025-09-21,264
user_06197,2025-12-28,166
user_07299,2025-11-22,202
user_00834,2025-09-02,283
user_08336,2025-11-20,204
user_07034,2025-12-03,191
user_00991,2025-07-30,317
user_09976,2025-10-08,247
user_07630,2025-08-26,290
user_03716,2025-11-19,205
user_04864,2025-11-05,219
user_03979,2025-11-27,197
user_07551,2025-12-09,185
user_05790,2025-09-10,275
user_09881,2025-11-30,194
user_05465,2025-12-05,189
user_01401,2025-12-04,190
user_05451,2025-10-22,233
user_07667,2025-10-08,247
user_05047,2025-12-19,175
user_06486,2025-12-21,173
user_03777,2025-07-29,318
user_01660,2025-11-21,203
user_03096,2025-08-12,304
user_08659,2025-08-21,295
user_03514,2025-09-15,270
user_00708,2025-12-01,193
user_00983,2025-11-15,209
user_02515,2025-12-15,179
user_09618,2025-10-18,237
user_06124,2025-03-20,449
user_04029,2024-08-23,658
user_04021,2025-11-20,204
user_00458,2025-11-10,214
user_05539,2025-08-26,290
user_00765,2025-11-23,201
user_05452,2025-09-11,274
user_02389,2025-12-17,177
user_08769,2025-08-06,310
user_04282,2025-07-02,345
user_00873,2025-12-02,192
user_05154,2025-10-02,253
user_05702,2025-05-27,381
user_07564,2025-09-22,263
user_07043,2025-10-20,235
user_07570,2025-12-19,175
user_06737,2025-08-18,298
user_05427,2025-11-28,196
user_07172,2025-10-21,234
user_02258,2025-08-18,298
user_05306,2025-09-17,268
user_08583,2025-10-21,234
user_04431,2025-09-04,281
user_09194,2025-10-13,242
user_04504,2025-06-28,349
user_08207,2025-12-18,176
user_08679,2025-12-06,188
user_09751,2025-06-05,372
user_00312,2025-09-28,257
user_00494,2025-01-11,517
user_00665,2025-09-10,275
user_02401,2025-12-23,171
user_02516,2025-12-28,166
user_06524,2025-12-02,192
user_04527,2025-09-15,270
user_04332,2025-11-24,200
user_04909,2025-11-21,203
user_07713,2025-11-27,197
user_08863,2025-12-20,174
user_01136,2025-12-01,193
user_04998,2025-06-22,355
user_03332,2025-10-30,225
user_03484,2025-09-21,264
user_03028,2025-07-07,340
user_08647,2025-07-04,343
user_03668,2025-10-30,225
user_05552,2025-09-29,256
user_05089,2025-12-21,173
user_03569,2025-12-26,168
user_01174,2025-09-01,284
user_00699,2025-07-09,338
user_02329,2025-11-17,207
user_06352,2025-10-15,240
user_05297,2025-08-12,304
user_09373,2025-10-28,227
user_01152,2025-03-13,456
user_07013,2025-08-20,296
user_05073,2025-03-01,468
user_05885,2025-09-16,269
user_01196,2025-11-01,223
user_08295,2025-12-31,163
user_03886,2025-12-21,173
user_05768,2025-12-25,169
user_07768,2025-12-28,166
user_08215,2025-08-26,290
user_08860,2025-08-23,293
user_09680,2025-03-23,446
user_09787,2025-03-31,438
user_09326,2025-12-03,191
user_03524,2025-08-04,312
user_08915,2025-10-13,242
user_01622,2025-10-04,251
user_06736,2025-09-08,277
user_05842,2025-08-31,285
user_09520,2025-12-11,183
user_06948,2025-10-08,247
user_02087,2025-11-28,196
user_09646,2025-12-12,182
user_04952,2025-09-05,280
user_01412,2025-05-03,405
user_05692,2025-11-08,216
user_03767,2025-12-24,170
user_03265,2025-11-01,223
user_03357,2025-09-25,260
user_04505,2025-03-31,438
user_04991,2025-09-27,258
user_02627,2025-05-02,406
user_05179,2025-12-08,186
user_07601,2025-10-07,248
user_09040,2025-07-22,325
user_02174,2025-12-12,182
user_08401,2025-11-22,202
user_01032,2025-10-27,228
user_05325,2025-06-06,371
user_02216,2025-04-18,420
user_02818,2025-10-10,245
user_07966,2025-12-11,183
user_04086,2025-03-29,440
user_03002,2024-08-10,671
user_04067,2025-08-22,294
user_02960,2025-12-20,174
user_00400,2025-11-01,223
user_08954,2025-11-15,209
user_05146,2025-11-18,206
user_02263,2025-08-12,304
user_04603,2025-11-03,221
user_08691,2025-06-06,371
user_07689,2025-10-15,240
user_01411,2025-04-19,419
user_09397,2025-11-14,210
user_05677,2025-10-08,247
user_00950,2025-12-27,167
user_01936,2025-09-25,260
user_04867,2025-11-18,206
user_09421,2025-02-18,479
user_04267,2025-06-30,347
user_07306,2025-11-10,214
user_00280,2025-07-23,324
user_02745,2025-12-08,186
user_07960,2025-06-23,354
user_04775,2025-12-13,181
user_04359,2025-11-17,207
user_01336,2025-10-21,234
user_07303,2025-09-18,267
user_00368,2025-12-21,173
user_06492,2025-04-02,436
user_08225,2025-07-21,326
user_03313,2025-12-22,172
user_01762,2025-10-18,237
user_02605,2025-07-18,329
user_01974,2025-08-15,301
user_01197,2025-12-27,167
user_04481,2025-08-20,296
user_08682,2025-08-09,307
user_05262,2025-10-15,240
user_01804,2025-09-24,261
user_00491,2025-12-08,186
user_03704,2025-11-16,208
user_03721,2025-11-23,201
user_05280,2025-12-14,180
user_06489,2025-07-11,336
user_05254,2025-01-31,497
user_09243,2025-12-10,184
user_05848,2025-07-02,345
user_08618,2025-09-06,279
user_01877,2025-11-01,223
user_01755,2025-11-19,205
user_00151,2025-12-30,164
user_03376,2025-12-02,192
user_01205,2025-11-21,203
user_01967,2025-11-30,194
user_06663,2025-12-12,182
user_03910,2025-09-08,277
user_08621,2025-09-19,266
user_02432,2025-09-19,266
user_07880,2024-11-19,570
user_03723,2025-09-19,266
user_04813,2025-12-13,181
user_02942,2025-11-05,219
user_04367,2025-08-20,296
user_07018,2025-12-03,191
user_00187,2025-12-06,188
user_08630,2025-11-15,209
user_07733,2024-11-18,571
user_01976,2025-12-31,163
user_07315,2025-09-27,258
user_00093,2025-09-08,277
user_06818,2025-11-15,209
user_05027,2025-09-12,273
user_02956,2025-11-25,199
user_05737,2025-06-27,350
user_09339,2025-10-05,250
user_04742,2025-08-12,304
user_09252,2025-05-22,386
user_07969,2025-10-02,253
user_04671,2025-12-14,180
user_08674,2025-09-04,281
user_01575,2025-08-26,290
user_03900,2025-11-26,198
user_06053,2025-10-19,236
user_02923,2025-12-21,173
user_08963,2025-12-25,169
user_03167,2025-10-16,239
user_07251,2025-12-12,182
user_04857,2025-07-13,334
user_08480,2025-03-04,465
user_05759,2025-12-24,170
user_03633,2025-07-31,316
user_02209,2025-11-29,195
user_07931,2025-11-28,196
user_07712,2025-09-14,271
user_09334,2025-09-04,281
user_00128,2025-05-03,405
user_05801,2025-12-11,183
user_04673,2025-10-21,234
user_01441,2025-12-24,170
user_08052,2025-12-26,168
user_04032,2025-03-19,450
user_02803,2025-10-01,254
user_07831,2025-11-06,218
user_03641,2025-12-24,170
user_00395,2025-12-24,170
user_08253,2025-11-06,218
user_05582,2025-11-08,216
user_02380,2025-12-27,167
user_06441,2025-11-14,210
user_02119,2025-10-08,247
user_07489,2025-10-18,237
user_09563,2025-12-10,184
user_05779,2025-10-25,230
user_05148,2025-12-30,164
user_01235,2025-11-01,223
user_00118,2025-11-19,205
user_06976,2025-11-17,207
user_01705,2025-07-03,344
user_06993,2025-10-24,231
user_00227,2025-12-14,180
user_03169,2025-12-07,187
user_02715,2025-11-23,201
user_08508,2025-10-01,254
user_09741,2025-08-31,285
user_03456,2025-10-09,246
user_08241,2025-09-12,273
user_07995,2025-11-26,198
user_00663,2025-08-03,313
user_06357,2025-12-08,186
user_05578,2025-07-30,317
user_07853,2025-12-05,189
user_04744,2025-10-07,248
user_07710,2025-09-06,279
user_05425,2025-07-21,326
user_00056,2025-12-29,165
user_09514,2025-05-23,385
user_08907,2025-10-30,225
user_05734,2025-10-30,225
user_01088,2025-05-06,402
user_00176,2025-11-18,206
user_06129,2025-12-02,192
user_04869,2025-11-05,219
user_08059,2025-11-23,201
user_00414,2025-11-24,200
user_01455,2025-06-21,356
user_00150,2025-12-12,182
user_07450,2025-06-15,362
user_08327,2025-11-29,195
user_02559,2025-12-13,181
user_05785,2025-12-24,170
user_04106,2025-12-03,191
user_07325,2024-06-05,737
user_03527,2025-11-21,203
user_01536,2025-07-24,323
user_01459,2025-08-23,293
user_00508,2025-10-08,247
user_00266,2025-04-26,412
user_03776,2025-11-26,198
user_08579,2025-12-26,168
user_03771,2025-10-28,227
user_05780,2025-07-04,343
user_08468,2025-12-30,164
user_05583,2025-10-04,251
user_00764,2025-08-14,302
user_04983,2025-12-03,191
user_05949,2025-03-20,449
user_02412,2025-08-16,300
user_03762,2025-11-05,219
user_03071,2025-12-28,166
user_04328,2025-08-20,296
user_00076,2025-10-11,244
user_09451,2025-12-01,193
user_05134,2025-12-23,171
user_01479,2025-10-26,229
user_04016,2025-08-22,294
user_07337,2025-12-25,169
user_00190,2025-08-28,288
user_02425,2025-12-22,172
user_03085,2025-08-12,304
user_09658,2025-11-19,205
user_05334,2025-12-29,165
user_08473,2025-12-29,165
user_07490,2025-12-17,177
user_08749,2025-10-05,250
user_05932,2025-11-02,222
user_03646,2025-10-22,233
user_05645,2025-11-28,196
user_09845,2025-12-05,189
user_07890,2025-12-11,183
user_04157,2025-12-24,170
user_02879,2025-10-28,227
user_08307,2025-12-30,164
user_01234,2025-11-26,198
user_02021,2025-12-24,170
user_08977,2025-11-20,204
user_02372,2025-06-01,376
user_07983,2025-12-14,180
user_05092,2025-12-19,175
user_04147,2025-11-20,204
user_03539,2025-05-15,393
user_05622,2025-05-29,379
user_06677,2025-06-08,369
user_09490,2025-12-04,190
user_04493,2025-12-27,167
user_07650,2025-10-20,235
user_08364,2025-11-16,208
user_09482,2025-07-15,332
user_02624,2025-04-24,414
user_05505,2025-12-08,186
user_01800,2025-12-23,171
user_08497,2025-07-09,338
user_03868,2025-07-30,317
user_05686,2025-06-22,355
user_05565,2025-10-01,254
user_04420,2025-10-22,233
user_09222,2025-09-17,268
user_04226,2025-12-27,167
user_00796,2025-12-15,179
user_02566,2025-11-18,206
user_04526,2025-08-06,310
user_06383,2025-12-10,184
user_01742,2025-08-16,300
user_02821,2025-11-27,197
user_00618,2025-12-31,163
user_04587,2025-12-24,170
user_00693,2025-12-23,171
user_03522,2025-12-27,167
user_00681,2025-11-28,196
user_06305,2025-12-01,193
user_08035,2025-12-20,174
user_07031,2025-05-29,379
user_01142,2025-11-20,204
user_08704,2025-12-05,189
user_05376,2025-10-19,236
user_05083,2025-11-14,210
user_05870,2025-12-06,188
user_01154,2025-06-05,372
user_03939,2024-09-19,631
user_01515,2025-08-28,288
user_01793,2025-07-21,326
user_03617,2025-11-05,219
user_03614,2025-11-10,214
user_01619,2025-09-26,259
user_08654,2025-07-06,341
user_03210,2025-12-02,192
user_06664,2025-09-13,272
user_09939,2025-12-28,166
user_08688,2025-10-03,252
user_06315,2025-09-21,264
user_09595,2025-10-30,225
user_03271,2025-11-04,220
user_03763,2025-12-24,170
user_00390,2025-12-19,175
user_07113,2025-05-25,383
user_07594,2025-12-12,182
user_04934,2025-08-17,299
user_08755,2025-10-20,235
user_02385,2025-12-01,193
user_02518,2025-04-29,409
user_00986,2025-11-28,196
user_06181,2025-12-15,179
user_04136,2025-07-02,345
user_07321,2025-12-06,188
user_04830,2025-10-06,249
user_09024,2025-12-19,175
user_03019,2025-06-23,354
user_05447,2025-12-19,175
user_09022,2025-12-08,186
user_07888,2025-10-07,248
user_08828,2025-11-17,207
user_08213,2025-12-13,181
user_06377,2025-11-15,209
user_06006,2025-11-15,209
user_00461,2025-09-09,276
user_04768,2025-11-15,209
user_00444,2025-11-30,194
user_05162,2025-12-26,168
user_07240,2025-10-21,234
user_03546,2025-10-31,224
user_09949,2025-11-13,211
user_03687,2025-12-09,185
user_09844,2025-07-21,326
user_02873,2025-10-18,237
user_08517,2025-12-10,184
user_02214,2024-11-15,574
user_04554,2025-11-09,215
user_07681,2025-11-09,215
user_06495,2025-12-27,167
user_09080,2025-10-15,240
user_02088,2025-10-29,226
user_08780,2025-11-20,204
user_03610,2025-11-06,218
user_04131,2025-11-05,219
user_03485,2025-12-07,187
user_04731,2024-12-25,534
user_09062,2025-08-21,295
user_05909,2025-01-21,507
user_08143,2025-12-31,163
user_00739,2025-10-14,241
user_04458,2025-11-14,210
user_04837,2025-09-28,257
user_03384,2025-09-01,284
user_07787,2025-11-23,201
user_03062,2025-10-13,242
user_07362,2025-11-26,198
user_02035,2025-06-13,364
user_04240,2025-06-06,371
user_00019,2025-12-10,184
user_07150,2025-09-16,269
user_09734,2025-09-15,270
user_00287,2024-10-27,593
user_04113,2025-09-21,264
user_03024,2025-11-06,218
user_07296,2025-10-03,252
user_06046,2025-05-06,402
user_07175,2025-08-11,305
user_02085,2025-11-10,214
user_06918,2025-09-01,284
user_07771,2025-03-17,452
user_03148,2025-11-05,219
user_03664,2025-12-28,166
user_05678,2025-11-19,205
user_08816,2025-12-09,185
user_03683,2025-05-22,386
user_05223,2025-11-02,222
user_04401,2025-08-06,310
user_00017,2025-12-10,184
user_00040,2025-05-03,405
user_07934,2025-11-12,212
user_09425,2025-12-07,187
user_02232,2025-12-15,179
user_01320,2025-09-26,259
user_04020,2025-11-09,215
user_02107,2025-12-05,189
user_01615,2025-11-26,198
user_08524,2025-11-23,201
user_09065,2025-07-13,334
user_05632,2025-03-01,468
user_01739,2025-08-18,298
user_01919,2025-10-29,226
user_06065,2025-12-15,179
user_05942,2025-07-31,316
user_05901,2025-09-23,262
user_00974,2025-10-16,239
user_06927,2025-12-30,164
user_05489,2024-09-02,648
user_01528,2025-12-25,169
user_03482,2025-08-22,294
user_06639,2025-11-24,200
user_00512,2025-12-25,169
user_00941,2025-10-18,237
user_04583,2025-12-05,189
user_02159,2025-11-18,206
user_03143,2025-09-18,267
user_03830,2025-08-30,286
user_03735,2025-12-06,188
user_09346,2025-04-08,430
user_02683,2025-09-26,259
user_03770,2025-10-26,229
user_06339,2025-12-28,166
user_09160,2024-11-25,564
user_02192,2025-07-31,316
user_01282,2025-02-14,483
user_04207,2025-11-30,194
user_08158,2025-01-31,497
user_01229,2025-12-31,163
user_05861,2025-10-16,239
user_07124,2025-11-20,204
user_01624,2025-10-19,236
user_08807,2025-11-28,196
user_06628,2025-11-17,207
user_09412,2025-12-07,187
user_08580,2025-10-13,242
user_09594,2025-11-30,194
user_05507,2025-08-27,289
user_02084,2025-11-03,221
user_03973,2025-05-28,380
user_08204,2025-10-13,242
user_06149,2025-12-23,171
user_01323,2025-03-07,462
user_01672,2025-11-08,216
user_01125,2025-12-16,178
user_03161,2025-12-21,173
user_05410,2025-12-11,183
user_00278,2025-12-28,166
user_07007,2025-12-10,184
user_06730,2025-07-24,323
user_01090,2025-11-22,202
user_03433,2025-12-29,165
user_03296,2025-10-29,226
user_09883,2025-04-26,412
user_00289,2025-12-25,169
user_09613,2025-07-25,322
user_00894,2025-12-15,179
user_09773,2025-11-08,216
user_06859,2025-11-24,200
user_03875,2025-12-06,188
user_03338,2025-11-20,204
user_08612,2025-12-29,165
user_00426,2025-08-09,307
user_00709,2025-11-21,203
user_03585,2025-08-08,308
user_05958,2025-10-24,231
user_00053,2025-12-30,164
user_06936,2025-12-29,165
user_09103,2025-12-05,189
user_09923,2025-12-20,174
user_01026,2025-10-01,254
user_09049,2025-12-28,166
user_06466,2025-05-20,388
user_03543,2025-10-06,249
user_08555,2025-05-26,382
user_06497,2025-12-12,182
user_05186,2025-11-05,219
user_07206,2025-09-30,255
user_05326,2025-11-10,214
user_05217,2025-09-06,279
user_07706,2025-10-17,238
user_08046,2025-05-28,380
user_00309,2025-12-24,170
user_03027,2025-12-18,176
user_01530,2025-12-19,175
user_05301,2025-11-08,216
user_02404,2025-12-15,179
user_06114,2025-12-12,182
user_05524,2025-12-31,163
user_00940,2025-08-24,292
user_04757,2025-10-28,227
user_01670,2025-12-13,181
user_07200,2025-11-26,198
user_04872,2025-12-09,185
user_02475,2025-12-06,188
user_01774,2025-11-26,198
user_00263,2025-09-27,258
user_01680,2025-11-28,196
user_00817,2025-11-17,207
user_03572,2025-06-30,347
user_07862,2025-07-30,317
user_09872,2025-11-18,206
user_08926,2025-10-29,226
user_03054,2025-12-01,193
user_09312,2025-11-18,206
user_09457,2025-10-21,234
user_08350,2025-04-30,408
user_02004,2025-10-12,243
user_03266,2025-11-20,204
user_06946,2025-11-25,199
user_07816,2025-08-18,298
user_06170,2025-11-24,200
user_00674,2025-11-07,217
user_09723,2025-07-18,329
user_05510,2025-11-06,218
user_01075,2025-12-20,174
user_04000,2025-12-13,181
user_00645,2025-12-21,173
user_05688,2025-10-30,225
user_08869,2025-11-27,197
user_07483,2025-12-10,184
user_08231,2025-07-11,336
user_08483,2025-07-24,323
user_00502,2025-11-06,218
user_04782,2025-12-24,170
user_01367,2025-12-29,165
user_07023,2025-11-30,194
user_09501,2025-10-14,241
user_09571,2025-01-23,505
user_09297,2025-07-01,346
user_00702,2025-06-10,367
user_09591,2025-12-23,171
user_05346,2025-05-04,404
user_09255,2025-04-06,432
user_00103,2025-12-13,181
user_04130,2025-11-17,207
user_09238,2025-04-08,430
user_04897,2025-04-03,435
user_09401,2025-12-05,189
user_00827,2025-08-10,306
user_03666,2025-09-14,271
user_05724,2025-10-04,251
user_09551,2025-09-18,267
user_07138,2025-12-12,182
user_04129,2025-07-23,324
user_08825,2025-12-09,185
user_07608,2025-09-14,271
user_06821,2025-08-11,305
user_04111,2025-08-06,310
user_08386,2025-11-27,197
user_06442,2025-12-11,183
user_00212,2025-10-30,225
user_02637,2025-12-16,178
user_07844,2025-11-17,207
user_03638,2025-11-23,201
user_08301,2025-02-08,489
user_07133,2025-12-28,166
user_04202,2025-12-26,168
user_00159,2025-08-16,300
user_00111,2025-10-31,224
user_00985,2025-11-09,215
user_01091,2025-12-07,187
user_09933,2025-07-12,335
user_08267,2025-08-23,293
user_09206,2025-07-11,336
user_09545,2025-08-02,314
user_06888,2025-11-17,207
user_07261,2025-09-28,257
user_06253,2025-03-22,447
user_03495,2025-12-04,190
user_01225,2025-12-25,169
user_05652,2025-11-20,204
user_06668,2025-10-19,236
user_08232,2025-09-19,266
user_09654,2025-10-13,242
user_07343,2025-09-16,269
user_04552,2025-11-28,196
user_02827,2025-11-22,202
user_04312,2025-11-13,211
user_04962,2025-09-21,264
user_09543,2025-05-27,381
user_03489,2025-11-27,197
user_09648,2025-09-17,268
user_06531,2025-12-31,163
user_00125,2025-10-02,253
user_04419,2025-12-23,171
user_08890,2025-10-26,229
user_05460,2025-12-30,164
user_07666,2025-12-02,192
user_04658,2025-08-23,293
user_05289,2025-07-28,319
user_04663,2025-12-25,169
user_02993,2025-03-17,452
user_04614,2025-08-18,298
user_05045,2025-11-24,200
user_09988,2025-11-23,201
user_08274,2025-12-30,164
user_06825,2025-09-10,275
user_02010,2025-10-12,243
user_04967,2025-07-18,329
user_05873,2025-12-14,180
user_05894,2025-12-03,191
user_03158,2025-11-03,221
user_00248,2025-09-08,277
user_08513,2025-11-30,194
user_08137,2025-07-28,319
user_09824,2025-12-21,173
user_06690,2025-10-11,244
user_07692,2025-12-24,170
user_02886,2025-11-20,204
user_07774,2025-07-21,326
user_08373,2025-11-24,200
user_05971,2025-12-24,170
user_09585,2025-12-08,186
user_05792,2025-11-25,199
user_02405,2025-12-12,182
user_02397,2025-11-23,201
user_04893,2025-06-18,359
user_04627,2025-08-17,299
user_04557,2025-01-11,517
user_05637,2025-11-12,212
user_00652,2024-12-27,532
user_07999,2025-11-29,195
user_00776,2025-08-06,310
user_06324,2025-11-23,201
user_09048,2025-09-22,263
user_00036,2025-01-01,527
user_01133,2025-09-23,262
user_00653,2025-05-09,399
user_01507,2025-12-26,168
user_01519,2025-10-04,251
user_01782,2025-10-25,230
user_09600,2025-06-10,367
user_04274,2025-11-09,215
user_01571,2025-01-06,522
user_08669,2025-12-21,173
user_09170,2025-02-10,487
user_07475,2025-12-20,174
user_09381,2025-08-26,290
user_04410,2025-12-07,187
user_06621,2025-12-08,186
user_03288,2025-12-17,177
user_09198,2025-11-27,197
user_04107,2025-12-07,187
user_00438,2025-12-21,173
user_02074,2025-07-16,331
user_05981,2025-11-15,209
user_07843,2025-09-08,277
user_04294,2025-11-09,215
user_07864,2025-07-10,337
user_06222,2025-12-25,169
user_05467,2025-07-13,334
user_04990,2025-11-26,198
user_04268,2025-11-29,195
user_02439,2025-12-03,191
user_09242,2025-06-16,361
user_04138,2025-11-21,203
user_06932,2025-11-05,219
user_01714,2025-12-05,189
user_06565,2025-12-16,178
user_00918,2025-11-24,200
user_01306,2025-10-23,232
user_07350,2025-05-07,401
user_00657,2025-10-14,241
user_01079,2025-10-15,240
user_01913,2025-10-10,245
user_02300,2025-10-10,245
user_04364,2025-07-23,324
user_05090,2025-10-22,233
user_05446,2025-12-19,175
user_03697,2025-10-05,250
user_05108,2025-11-01,223
user_06718,2025-09-22,263
user_08260,2025-12-31,163
user_07657,2025-10-18,237
user_04728,2025-10-21,234
user_02139,2025-12-28,166
user_02952,2025-10-06,249
user_06142,2025-12-08,186
user_00477,2025-11-03,221
user_09930,2025-11-18,206
user_07441,2025-10-17,238
user_09201,2025-12-30,164
user_07702,2025-12-17,177
user_01385,2025-10-04,251
user_05573,2025-11-11,213
user_08441,2025-11-10,214
user_07268,2025-02-21,476
user_07854,2025-08-14,302
user_03446,2025-11-15,209
user_02798,2025-02-27,470
user_06030,2025-11-27,197
user_00617,2025-12-22,172
user_03037,2025-07-02,345
user_02128,2025-12-17,177
user_00544,2025-12-23,171
user_08037,2025-11-15,209
user_09550,2025-12-24,170
user_08233,2025-12-30,164
user_07730,2025-11-02,222
user_09507,2025-12-24,170
user_02576,2025-12-30,164
user_07907,2025-11-02,222
user_07780,2025-10-20,235
user_01840,2025-09-03,282
user_03714,2025-11-04,220
user_02488,2025-10-11,244
user_04776,2025-10-22,233
user_00116,2025-10-05,250
user_09444,2025-10-28,227
user_08903,2025-11-26,198
user_00451,2025-12-30,164
user_09454,2025-12-25,169
user_00409,2025-12-10,184
user_02735,2025-11-01,223
user_00047,2025-08-14,302
user_01629,2025-10-14,241
user_01226,2025-12-27,167
user_08123,2025-09-24,261
user_02738,2025-11-03,221
user_09094,2025-09-25,260
user_09805,2025-12-28,166
user_08278,2025-12-14,180
user_02245,2025-11-28,196
user_02725,2025-09-20,265
user_03916,2025-12-20,174
user_07498,2025-11-14,210
user_09569,2025-04-13,425
user_00145,2025-10-17,238
user_07169,2025-12-03,191
user_04132,2025-10-06,249
user_06977,2025-10-17,238
user_04393,2025-05-30,378
user_02037,2025-12-18,176
user_07500,2025-11-18,206
user_03625,2025-12-16,178
user_06268,2025-11-04,220
user_09983,2025-11-24,200
user_02185,2025-12-16,178
user_07093,2025-12-26,168
user_03753,2025-12-21,173
user_00579,2025-09-23,262
user_04280,2025-10-06,249
user_00831,2025-10-24,231
user_04424,2025-09-17,268
user_00389,2025-12-13,181
user_01857,2025-10-18,237
user_05502,2025-10-17,238
user_03918,2025-12-01,193
user_07449,2025-08-03,313
user_03634,2025-05-02,406
user_03858,2025-08-31,285
user_09803,2025-11-12,212
user_05071,2025-10-09,246
user_09356,2025-11-03,221
user_08399,2025-07-15,332
user_03287,2025-09-30,255
user_02437,2025-11-05,219
user_07597,2025-10-07,248
user_03809,2025-12-19,175
user_02830,2025-09-11,274
user_09284,2025-11-05,219
user_02558,2025-07-31,316
user_06399,2025-12-20,174
user_01789,2025-12-04,190
user_05361,2025-12-27,167
user_02746,2025-11-08,216
user_09707,2025-12-09,185
user_05062,2025-11-30,194
user_08866,2025-12-20,174
user_01179,2025-10-26,229
user_02393,2025-12-06,188
user_02217,2025-05-27,381
user_00431,2025-11-10,214
user_06165,2025-12-22,172
user_04987,2025-11-24,200
user_04609,2025-12-19,175
user_00885,2025-09-15,270
user_04514,2025-12-18,176
user_04985,2025-11-24,200
user_04561,2025-09-02,283
user_06130,2025-09-22,263
user_00957,2025-11-08,216
user_00586,2025-06-13,364
user_09836,2025-06-09,368
user_03323,2025-08-30,286
user_05655,2025-08-08,308
user_09576,2025-12-27,167
user_09799,2025-11-18,206
user_02531,2025-06-14,363
user_00799,2025-12-20,174
user_06877,2025-12-12,182
user_01709,2025-09-10,275
user_02492,2025-12-18,176
user_03909,2025-06-23,354
user_01984,2025-06-24,353
user_04163,2025-06-24,353
user_01430,2025-10-24,231
user_09385,2025-09-04,281
user_07112,2025-10-07,248
user_07574,2025-12-23,171
user_00640,2025-11-07,217
user_00217,2025-10-01,254
user_09039,2025-08-16,300
user_03841,2025-09-04,281
user_02979,2025-12-21,173
user_05923,2025-10-23,232
user_07218,2025-12-25,169
user_08294,2025-11-21,203
user_08358,2025-10-18,237
user_00760,2025-12-10,184
user_08805,2025-09-25,260
user_03217,2025-12-30,164
user_07429,2025-10-28,227
user_05537,2025-09-20,265
user_09220,2025-07-18,329
user_01946,2025-08-01,315
user_02478,2025-10-17,238
user_06083,2025-12-05,189
user_02983,2025-08-31,285
user_04370,2025-09-14,271
user_06805,2025-12-03,191
user_07006,2025-12-17,177
user_03519,2025-12-28,166
user_02034,2025-09-19,266
user_01249,2025-11-04,220
user_07198,2025-12-17,177
user_06365,2025-11-14,210
user_04069,2025-10-30,225
user_04336,2025-08-17,299
user_01678,2025-11-05,219
user_05288,2025-12-19,175
user_01990,2025-12-31,163
user_06534,2025-12-22,172
user_09955,2025-10-23,232
user_06416,2025-10-30,225
user_06556,2025-12-11,183
user_07525,2025-12-15,179
user_09288,2025-08-22,294
user_00496,2025-11-20,204
user_09403,2025-11-22,202
user_04647,2025-08-28,288
user_02042,2025-10-07,248
user_05896,2025-08-27,289
user_09304,2025-11-09,215
user_09548,2025-12-29,165
user_07584,2025-12-29,165
user_01969,2025-10-01,254
user_05626,2025-09-30,255
user_08286,2025-11-26,198
user_03363,2025-10-17,238
user_00875,2025-09-08,277
user_00032,2025-11-15,209
user_04847,2025-10-18,237
user_08992,2025-09-11,274
user_05501,2025-09-11,274
user_09287,2025-10-23,232
user_00632,2025-12-01,193
user_06516,2025-12-01,193
user_05990,2025-11-24,200
user_02477,2025-09-20,265
user_03036,2025-10-21,234
user_07177,2025-12-05,189
user_07115,2025-09-24,261
user_06469,2025-12-02,192
user_03584,2025-09-25,260
user_02238,2025-12-09,185
user_03861,2025-11-03,221
user_01311,2025-11-27,197
user_08744,2025-10-02,253
user_05065,2025-10-02,253
user_05628,2025-10-03,252
user_07511,2025-12-12,182
user_04950,2025-11-06,218
user_09938,2025-10-10,245
user_04166,2025-12-26,168
user_02443,2025-10-11,244
user_02617,2025-10-11,244
user_01153,2025-11-14,210
user_02338,2025-10-15,240
user_04405,2025-12-21,173
user_02799,2025-12-14,180
user_00314,2025-12-18,176
user_07094,2025-12-25,169
user_04507,2025-10-26,229
user_01523,2025-12-20,174
user_01568,2025-12-09,185
user_08000,2025-11-10,214
user_02718,2025-11-01,223
user_00042,2025-11-02,222
user_01932,2025-11-09,215
user_07105,2025-12-19,175
user_08256,2025-12-31,163
user_07041,2025-11-24,200
user_04085,2025-11-17,207
user_08660,2025-11-20,204
user_08007,2025-12-03,191
user_02502,2025-12-15,179
user_06393,2025-11-26,198
user_01684,2025-11-29,195
user_02149,2025-11-30,194
user_00777,2025-12-02,192
user_08899,2025-12-02,192
user_05543,2025-12-02,192
user_07341,2025-12-09,185
user_04699,2025-12-11,183
user_01189,2025-12-15,179
user_09414,2025-12-21,173
user_05355,2025-12-16,178
user_07439,2025-12-17,177
user_03492,2025-12-18,176
user_06749,2025-12-21,173
user_02287,2025-12-23,171
user_04435,2025-12-27,167
user_08196,2025-12-28,166
user_01160,2025-12-29,165
user_06506,2025-12-25,169
user_01763,2025-11-21,203
user_02193,2025-11-09,215
user_00226,2025-12-27,167
user_07238,2025-09-04,281
user_09788,2025-11-18,206
user_09038,2025-11-07,217
user_06218,2025-06-14,363
user_00622,2025-07-04,343
user_08953,2025-12-18,176
user_01593,2025-12-30,164
user_06864,2025-12-18,176
user_03580,2025-10-04,251
user_00963,2025-09-04,281
user_03439,2025-12-13,181
user_03355,2025-11-17,207
user_07834,2025-11-14,210
user_08547,2025-08-15,301
user_07516,2025-12-29,165
user_01577,2025-03-08,461
user_00427,2025-05-17,391
user_01511,2025-06-19,358
user_06112,2025-08-02,314
user_06676,2025-07-11,336
user_07366,2025-03-03,466
user_00531,2025-11-16,208
user_00982,2025-12-26,168
user_00158,2025-11-01,223
user_04216,2025-12-02,192
user_00736,2025-10-20,235
user_07129,2025-04-15,423
user_02278,2025-11-27,197
user_03397,2025-12-01,193
user_06897,2025-10-06,249
user_02460,2024-06-13,729
user_01066,2025-06-19,358
user_07418,2024-12-17,542
user_09957,2025-11-27,197
user_06650,2025-06-18,359
user_01481,2025-11-17,207
user_05921,2025-11-11,213
user_09628,2025-10-01,254
user_06118,2025-11-07,217
user_00751,2025-12-11,183
user_04071,2025-12-24,170
user_07884,2025-12-04,190
user_00284,2025-12-12,182
user_03540,2025-05-18,390
user_02099,2025-12-15,179
user_02674,2025-10-19,236
user_01427,2025-09-04,281
user_06933,2025-03-15,454
user_06351,2025-12-21,173
user_08677,2025-12-03,191
user_04707,2025-07-30,317
user_02711,2025-03-02,467
user_07501,2025-01-28,500
user_09004,2025-12-18,176
user_02695,2025-09-17,268
user_07548,2025-08-25,291
user_01808,2025-12-22,172
user_09808,2025-09-23,262
user_08342,2025-07-14,333
user_09621,2025-07-07,340
user_08835,2025-12-21,173
user_00274,2025-10-17,238
user_03796,2025-12-19,175
user_03551,2025-10-30,225
user_04473,2025-12-13,181
user_05103,2025-04-12,426
user_04149,2025-02-24,473
user_01424,2025-11-06,218
user_01600,2024-07-11,701
user_05174,2025-11-26,198
user_07892,2025-08-31,285
user_05940,2025-11-05,219
user_05720,2025-11-23,201
user_03480,2025-07-03,344
user_05429,2025-08-14,302
user_09295,2025-11-04,220
user_05399,2025-08-31,285
user_04249,2025-07-05,342
user_04190,2025-07-02,345
user_08203,2025-12-14,180
user_00320,2024-08-24,657
user_03856,2025-08-17,299
user_00191,2025-11-24,200
user_04978,2025-11-06,218
user_00063,2025-03-08,461
user_07396,2025-08-29,287
user_04551,2025-08-12,304
user_03632,2025-05-21,387
user_01220,2025-04-28,410
user_08503,2025-12-12,182
user_02969,2025-09-29,256
user_05271,2025-12-23,171
user_09496,2025-10-18,237
user_03805,2025-10-18,237
user_03223,2025-09-01,284
user_01638,2025-12-27,167
user_05776,2025-12-20,174
user_06507,2025-04-10,428
user_08914,2025-02-21,476
user_05844,2025-11-04,220
user_09768,2025-12-07,187
user_04499,2025-12-19,175
user_07432,2025-08-22,294
user_08961,2025-12-29,165
user_02311,2025-11-20,204
user_04930,2025-11-11,213
user_08526,2025-01-07,521
user_06136,2025-11-22,202
user_00037,2025-10-01,254
user_00951,2025-12-25,169
user_04989,2025-12-22,172
user_01685,2025-05-16,392
user_03499,2025-04-18,420
user_05810,2025-12-26,168
user_05163,2025-10-06,249
user_07996,2025-12-29,165
user_06470,2025-11-24,200
user_01037,2025-06-21,356
user_04882,2025-11-23,201
user_07634,2025-12-22,172
user_05684,2025-07-01,346
user_09834,2025-03-13,456
user_03581,2025-07-25,322
user_05772,2025-09-10,275
user_06235,2025-11-09,215
user_03001,2025-06-05,372
user_09819,2025-07-30,317
user_06900,2025-08-06,310
user_01663,2025-07-20,327
user_06809,2025-12-25,169
user_08190,2025-10-05,250
user_07841,2025-07-11,336
user_05704,2025-04-24,414
user_06028,2025-09-25,260
user_00418,2025-12-07,187
user_06865,2025-12-17,177
user_09470,2025-12-19,175
user_02009,2025-12-09,185
user_00656,2025-10-28,227
user_04941,2025-11-29,195
user_01035,2025-10-15,240
user_01333,2025-09-25,260
user_04848,2025-10-15,240
user_09839,2025-09-08,277
user_08355,2025-12-26,168
user_02089,2025-12-16,178
user_03924,2025-10-19,236
user_06153,2025-11-10,214
user_00432,2025-10-12,243
user_02961,2025-11-08,216
user_07309,2025-12-06,188
user_04565,2025-11-11,213
user_08746,2025-12-31,163
user_01816,2025-08-28,288
user_07754,2025-05-10,398
user_03738,2025-10-08,247
user_09139,2024-04-17,786
user_06245,2025-11-21,203
user_02392,2025-06-08,369
user_00506,2025-07-01,346
user_09729,2025-05-17,391
user_02901,2025-05-18,390
user_01449,2025-05-16,392
user_01403,2024-08-28,653
user_04206,2025-12-31,163
user_08979,2025-10-03,252
user_09802,2025-11-19,205
user_08910,2025-10-22,233
user_05053,2025-11-30,194
user_00252,2025-11-22,202
user_08154,2025-10-15,240
user_07782,2025-12-15,179
user_06995,2025-08-13,303
user_02917,2025-11-04,220
user_03781,2025-11-22,202
user_02889,2025-11-19,205
user_02894,2025-12-12,182
user_07883,2024-12-18,541
user_01431,2025-08-06,310